figure,series,pixel_x,pixel_y,voltage_V,current_mA
fig11c_device,red_exp,100,19,-1.6064593301435406,0.3377049180327869
fig11c_device,red_exp,101,19,-1.598086124401914,0.3377049180327869
fig11c_device,red_exp,102,19,-1.589712918660287,0.3377049180327869
fig11c_device,red_exp,434,31,1.1901913875598087,0.2983606557377049
fig11c_device,red_exp,440,31,1.2404306220095696,0.2983606557377049
fig11c_device,red_exp,440,32,1.2404306220095696,0.29508196721311475
fig11c_device,red_exp,440,33,1.2404306220095696,0.2918032786885246
fig11c_device,red_exp,429,34,1.1483253588516749,0.28852459016393445
fig11c_device,red_exp,438,34,1.223684210526316,0.28852459016393445
fig11c_device,red_exp,439,34,1.232057416267943,0.28852459016393445
fig11c_device,red_exp,427,35,1.1315789473684212,0.28524590163934427
fig11c_device,red_exp,436,35,1.2069377990430619,0.28524590163934427
fig11c_device,red_exp,435,36,1.1985645933014353,0.28196721311475414
fig11c_device,red_exp,434,37,1.1901913875598087,0.27868852459016397
fig11c_device,red_exp,418,40,1.0562200956937797,0.26885245901639343
fig11c_device,red_exp,431,41,1.165071770334928,0.2655737704918033
fig11c_device,red_exp,432,41,1.173444976076555,0.2655737704918033
fig11c_device,red_exp,433,41,1.1818181818181817,0.2655737704918033
fig11c_device,red_exp,430,42,1.1566985645933014,0.26229508196721313
fig11c_device,red_exp,429,43,1.1483253588516749,0.25901639344262295
fig11c_device,red_exp,428,44,1.1399521531100478,0.2557377049180328
fig11c_device,red_exp,426,45,1.1232057416267942,0.25245901639344265
fig11c_device,red_exp,427,45,1.1315789473684212,0.25245901639344265
fig11c_device,red_exp,424,46,1.1064593301435406,0.24918032786885247
fig11c_device,red_exp,425,46,1.1148325358851672,0.24918032786885247
fig11c_device,red_exp,423,47,1.0980861244019136,0.24590163934426232
fig11c_device,red_exp,422,48,1.089712918660287,0.24262295081967214
fig11c_device,red_exp,421,49,1.0813397129186604,0.239344262295082
fig11c_device,red_exp,420,50,1.0729665071770333,0.23606557377049184
fig11c_device,red_exp,419,51,1.0645933014354068,0.23278688524590166
fig11c_device,red_exp,418,52,1.0562200956937797,0.2295081967213115
fig11c_device,red_exp,412,54,1.0059808612440193,0.22295081967213118
fig11c_device,red_exp,411,55,0.9976076555023923,0.219672131147541
fig11c_device,red_exp,410,56,0.9892344497607652,0.21639344262295085
fig11c_device,red_exp,409,57,0.9808612440191387,0.21311475409836067
fig11c_device,red_exp,408,58,0.9724880382775121,0.20983606557377052
fig11c_device,red_exp,408,59,0.9724880382775121,0.20655737704918034
fig11c_device,red_exp,390,60,0.8217703349282299,0.2032786885245902
fig11c_device,red_exp,407,60,0.964114832535885,0.2032786885245902
fig11c_device,red_exp,407,61,0.964114832535885,0.2
fig11c_device,red_exp,407,62,0.964114832535885,0.19672131147540986
fig11c_device,red_exp,406,63,0.9557416267942584,0.19344262295081968
fig11c_device,red_exp,383,64,0.763157894736842,0.19016393442622953
fig11c_device,red_exp,405,64,0.9473684210526314,0.19016393442622953
fig11c_device,red_exp,381,65,0.7464114832535884,0.18688524590163938
fig11c_device,red_exp,401,65,0.9138755980861246,0.18688524590163938
fig11c_device,red_exp,402,65,0.9222488038277512,0.18688524590163938
fig11c_device,red_exp,403,65,0.9306220095693782,0.18688524590163938
fig11c_device,red_exp,404,65,0.9389952153110048,0.18688524590163938
fig11c_device,red_exp,379,66,0.7296650717703348,0.1836065573770492
fig11c_device,red_exp,400,66,0.9055023923444976,0.1836065573770492
fig11c_device,red_exp,377,67,0.7129186602870816,0.18032786885245905
fig11c_device,red_exp,399,67,0.8971291866028706,0.18032786885245905
fig11c_device,red_exp,397,68,0.8803827751196169,0.17704918032786887
fig11c_device,red_exp,398,68,0.888755980861244,0.17704918032786887
fig11c_device,red_exp,395,69,0.8636363636363638,0.17377049180327872
fig11c_device,red_exp,396,69,0.8720095693779903,0.17377049180327872
fig11c_device,red_exp,370,71,0.6543062200956937,0.1672131147540984
fig11c_device,red_exp,368,72,0.6375598086124401,0.1639344262295082
fig11c_device,red_exp,366,73,0.6208133971291865,0.16065573770491806
fig11c_device,red_exp,359,77,0.562200956937799,0.14754098360655737
fig11c_device,red_exp,394,77,0.8552631578947367,0.14754098360655737
fig11c_device,red_exp,357,78,0.5454545454545454,0.14426229508196725
fig11c_device,red_exp,393,78,0.8468899521531101,0.14426229508196725
fig11c_device,red_exp,355,79,0.5287081339712918,0.14098360655737707
fig11c_device,red_exp,391,79,0.8301435406698565,0.14098360655737707
fig11c_device,red_exp,392,79,0.8385167464114831,0.14098360655737707
fig11c_device,red_exp,389,80,0.8133971291866029,0.1377049180327869
fig11c_device,red_exp,390,80,0.8217703349282299,0.1377049180327869
fig11c_device,red_exp,386,81,0.7882775119617227,0.13442622950819677
fig11c_device,red_exp,387,81,0.7966507177033493,0.13442622950819677
fig11c_device,red_exp,388,81,0.8050239234449763,0.13442622950819677
fig11c_device,red_exp,383,82,0.763157894736842,0.1311475409836066
fig11c_device,red_exp,384,82,0.7715311004784686,0.1311475409836066
fig11c_device,red_exp,385,82,0.7799043062200957,0.1311475409836066
fig11c_device,red_exp,348,83,0.47009569377990434,0.1278688524590164
fig11c_device,red_exp,380,83,0.7380382775119618,0.1278688524590164
fig11c_device,red_exp,381,83,0.7464114832535884,0.1278688524590164
fig11c_device,red_exp,382,83,0.7547846889952154,0.1278688524590164
fig11c_device,red_exp,346,84,0.4533492822966507,0.12459016393442623
fig11c_device,red_exp,376,84,0.7045454545454546,0.12459016393442623
fig11c_device,red_exp,377,84,0.7129186602870816,0.12459016393442623
fig11c_device,red_exp,378,84,0.7212918660287082,0.12459016393442623
fig11c_device,red_exp,379,84,0.7296650717703348,0.12459016393442623
fig11c_device,red_exp,344,85,0.4366028708133971,0.12131147540983611
fig11c_device,red_exp,375,85,0.696172248803828,0.12131147540983611
fig11c_device,red_exp,342,86,0.4198564593301435,0.11803278688524593
fig11c_device,red_exp,373,86,0.6794258373205739,0.11803278688524593
fig11c_device,red_exp,374,86,0.687799043062201,0.11803278688524593
fig11c_device,red_exp,370,87,0.6543062200956937,0.11475409836065575
fig11c_device,red_exp,371,87,0.6626794258373203,0.11475409836065575
fig11c_device,red_exp,372,87,0.6710526315789473,0.11475409836065575
fig11c_device,red_exp,368,88,0.6375598086124401,0.11147540983606558
fig11c_device,red_exp,369,88,0.6459330143540667,0.11147540983606558
fig11c_device,red_exp,366,89,0.6208133971291865,0.10819672131147545
fig11c_device,red_exp,367,89,0.6291866028708135,0.10819672131147545
fig11c_device,red_exp,363,90,0.5956937799043063,0.10491803278688527
fig11c_device,red_exp,364,90,0.6040669856459333,0.10491803278688527
fig11c_device,red_exp,333,91,0.3444976076555024,0.1016393442622951
fig11c_device,red_exp,360,91,0.5705741626794261,0.1016393442622951
fig11c_device,red_exp,361,91,0.5789473684210527,0.1016393442622951
fig11c_device,red_exp,331,92,0.3277511961722488,0.09836065573770492
fig11c_device,red_exp,357,92,0.5454545454545454,0.09836065573770492
fig11c_device,red_exp,358,92,0.553827751196172,0.09836065573770492
fig11c_device,red_exp,353,93,0.5119617224880382,0.09508196721311479
fig11c_device,red_exp,354,93,0.5203349282296652,0.09508196721311479
fig11c_device,red_exp,355,93,0.5287081339712918,0.09508196721311479
fig11c_device,red_exp,350,94,0.48684210526315796,0.09180327868852461
fig11c_device,red_exp,351,94,0.49521531100478455,0.09180327868852461
fig11c_device,red_exp,352,94,0.5035885167464116,0.09180327868852461
fig11c_device,red_exp,347,95,0.4617224880382773,0.08852459016393444
fig11c_device,red_exp,348,95,0.47009569377990434,0.08852459016393444
fig11c_device,red_exp,345,96,0.4449760765550237,0.08524590163934426
fig11c_device,red_exp,338,98,0.38636363636363624,0.07868852459016396
fig11c_device,red_exp,334,99,0.35287081339712945,0.07540983606557378
fig11c_device,red_exp,327,101,0.29425837320574155,0.06885245901639347
fig11c_device,red_exp,323,102,0.26076555023923476,0.0655737704918033
fig11c_device,red_exp,319,103,0.22727272727272707,0.06229508196721312
fig11c_device,red_exp,315,104,0.19377990430622027,0.059016393442622994
fig11c_device,red_exp,277,113,-0.12440191387559807,0.029508196721311497
fig11c_device,red_exp,273,114,-0.1578947368421053,0.02622950819672132
fig11c_device,red_exp,246,125,-0.3839712918660285,-0.00983606557377048
fig11c_device,red_exp,243,126,-0.40909090909090917,-0.01311475409836066
fig11c_device,red_exp,239,127,-0.4425837320574164,-0.016393442622950782
fig11c_device,red_exp,235,128,-0.47607655502392343,-0.01967213114754096
fig11c_device,red_exp,236,128,-0.4677033492822966,-0.01967213114754096
fig11c_device,red_exp,232,129,-0.5011961722488039,-0.02295081967213114
fig11c_device,red_exp,233,129,-0.49282296650717683,-0.02295081967213114
fig11c_device,red_exp,254,129,-0.31698564593301426,-0.02295081967213114
fig11c_device,red_exp,229,130,-0.5263157894736843,-0.026229508196721263
fig11c_device,red_exp,230,130,-0.5179425837320575,-0.026229508196721263
fig11c_device,red_exp,225,131,-0.5598086124401915,-0.02950819672131144
fig11c_device,red_exp,226,131,-0.5514354066985647,-0.02950819672131144
fig11c_device,red_exp,227,131,-0.5430622009569377,-0.02950819672131144
fig11c_device,red_exp,222,132,-0.5849282296650717,-0.03278688524590162
fig11c_device,red_exp,223,132,-0.5765550239234449,-0.03278688524590162
fig11c_device,red_exp,224,132,-0.5681818181818181,-0.03278688524590162
fig11c_device,red_exp,219,133,-0.6100478468899522,-0.0360655737704918
fig11c_device,red_exp,220,133,-0.6016746411483254,-0.0360655737704918
fig11c_device,red_exp,221,133,-0.5933014354066986,-0.0360655737704918
fig11c_device,red_exp,217,134,-0.6267942583732058,-0.03934426229508192
fig11c_device,red_exp,218,134,-0.618421052631579,-0.03934426229508192
fig11c_device,red_exp,214,135,-0.651913875598086,-0.0426229508196721
fig11c_device,red_exp,215,135,-0.6435406698564592,-0.0426229508196721
fig11c_device,red_exp,216,135,-0.6351674641148326,-0.0426229508196721
fig11c_device,red_exp,243,135,-0.40909090909090917,-0.0426229508196721
fig11c_device,red_exp,211,136,-0.6770334928229667,-0.04590163934426228
fig11c_device,red_exp,212,136,-0.6686602870813398,-0.04590163934426228
fig11c_device,red_exp,213,136,-0.660287081339713,-0.04590163934426228
fig11c_device,red_exp,208,137,-0.7021531100478469,-0.04918032786885246
fig11c_device,red_exp,209,137,-0.69377990430622,-0.04918032786885246
fig11c_device,red_exp,210,137,-0.6854066985645932,-0.04918032786885246
fig11c_device,red_exp,206,138,-0.7188995215311005,-0.05245901639344258
fig11c_device,red_exp,207,138,-0.7105263157894737,-0.05245901639344258
fig11c_device,red_exp,203,139,-0.7440191387559809,-0.05573770491803276
fig11c_device,red_exp,204,139,-0.7356459330143541,-0.05573770491803276
fig11c_device,red_exp,205,139,-0.7272727272727273,-0.05573770491803276
fig11c_device,red_exp,200,140,-0.7691387559808613,-0.05901639344262294
fig11c_device,red_exp,201,140,-0.7607655502392343,-0.05901639344262294
fig11c_device,red_exp,202,140,-0.7523923444976077,-0.05901639344262294
fig11c_device,red_exp,198,141,-0.785885167464115,-0.06229508196721312
fig11c_device,red_exp,199,141,-0.7775119617224882,-0.06229508196721312
fig11c_device,red_exp,196,142,-0.8026315789473684,-0.06557377049180324
fig11c_device,red_exp,197,142,-0.7942583732057416,-0.06557377049180324
fig11c_device,red_exp,194,143,-0.819377990430622,-0.06885245901639342
fig11c_device,red_exp,195,143,-0.8110047846889952,-0.06885245901639342
fig11c_device,red_exp,191,144,-0.8444976076555024,-0.0721311475409836
fig11c_device,red_exp,192,144,-0.8361244019138756,-0.0721311475409836
fig11c_device,red_exp,193,144,-0.8277511961722488,-0.0721311475409836
fig11c_device,red_exp,189,145,-0.861244019138756,-0.07540983606557372
fig11c_device,red_exp,190,145,-0.8528708133971292,-0.07540983606557372
fig11c_device,red_exp,187,146,-0.8779904306220097,-0.0786885245901639
fig11c_device,red_exp,188,146,-0.8696172248803826,-0.0786885245901639
fig11c_device,red_exp,185,147,-0.8947368421052633,-0.08196721311475408
fig11c_device,red_exp,186,147,-0.8863636363636365,-0.08196721311475408
fig11c_device,red_exp,183,148,-0.9114832535885167,-0.08524590163934426
fig11c_device,red_exp,184,148,-0.9031100478468899,-0.08524590163934426
fig11c_device,red_exp,180,149,-0.9366028708133971,-0.08852459016393438
fig11c_device,red_exp,181,149,-0.9282296650717703,-0.08852459016393438
fig11c_device,red_exp,182,149,-0.9198564593301435,-0.08852459016393438
fig11c_device,red_exp,178,150,-0.9533492822966507,-0.09180327868852456
fig11c_device,red_exp,179,150,-0.9449760765550239,-0.09180327868852456
fig11c_device,red_exp,176,151,-0.9700956937799043,-0.09508196721311474
fig11c_device,red_exp,177,151,-0.9617224880382775,-0.09508196721311474
fig11c_device,red_exp,174,152,-0.986842105263158,-0.09836065573770492
fig11c_device,red_exp,175,152,-0.9784688995215309,-0.09836065573770492
fig11c_device,red_exp,172,153,-1.0035885167464116,-0.10163934426229504
fig11c_device,red_exp,173,153,-0.9952153110047848,-0.10163934426229504
fig11c_device,red_exp,170,154,-1.020334928229665,-0.10491803278688527
fig11c_device,red_exp,171,154,-1.0119617224880384,-0.10491803278688527
fig11c_device,red_exp,168,155,-1.0370813397129188,-0.1081967213114754
fig11c_device,red_exp,169,155,-1.0287081339712918,-0.1081967213114754
fig11c_device,red_exp,166,156,-1.0538277511961722,-0.11147540983606552
fig11c_device,red_exp,167,156,-1.0454545454545454,-0.11147540983606552
fig11c_device,red_exp,164,157,-1.0705741626794258,-0.11475409836065575
fig11c_device,red_exp,165,157,-1.062200956937799,-0.11475409836065575
fig11c_device,red_exp,163,158,-1.0789473684210527,-0.11803278688524588
fig11c_device,red_exp,161,159,-1.0956937799043063,-0.121311475409836
fig11c_device,red_exp,162,159,-1.0873205741626795,-0.121311475409836
fig11c_device,red_exp,159,160,-1.11244019138756,-0.12459016393442623
fig11c_device,red_exp,160,160,-1.1040669856459329,-0.12459016393442623
fig11c_device,red_exp,157,161,-1.1291866028708135,-0.12786885245901636
fig11c_device,red_exp,158,161,-1.1208133971291867,-0.12786885245901636
fig11c_device,red_exp,156,162,-1.13755980861244,-0.13114754098360648
fig11c_device,red_exp,154,163,-1.1543062200956937,-0.13442622950819672
fig11c_device,red_exp,155,163,-1.1459330143540671,-0.13442622950819672
fig11c_device,red_exp,152,164,-1.1710526315789473,-0.13770491803278684
fig11c_device,red_exp,153,164,-1.1626794258373205,-0.13770491803278684
fig11c_device,red_exp,150,165,-1.187799043062201,-0.14098360655737707
fig11c_device,red_exp,151,165,-1.1794258373205742,-0.14098360655737707
fig11c_device,red_exp,148,166,-1.2045454545454546,-0.1442622950819672
fig11c_device,red_exp,149,166,-1.1961722488038278,-0.1442622950819672
fig11c_device,red_exp,147,167,-1.2129186602870812,-0.14754098360655732
fig11c_device,red_exp,193,167,-0.8277511961722488,-0.14754098360655732
fig11c_device,red_exp,145,168,-1.2296650717703348,-0.15081967213114755
fig11c_device,red_exp,146,168,-1.2212918660287082,-0.15081967213114755
fig11c_device,red_exp,191,168,-0.8444976076555024,-0.15081967213114755
fig11c_device,red_exp,144,169,-1.2380382775119618,-0.15409836065573768
fig11c_device,red_exp,142,170,-1.2547846889952154,-0.1573770491803278
fig11c_device,red_exp,143,170,-1.2464114832535884,-0.1573770491803278
fig11c_device,red_exp,141,171,-1.263157894736842,-0.16065573770491803
fig11c_device,red_exp,138,173,-1.2882775119617225,-0.1672131147540984
fig11c_device,red_exp,182,173,-0.9198564593301435,-0.1672131147540984
fig11c_device,red_exp,128,175,-1.3720095693779903,-0.17377049180327864
fig11c_device,red_exp,127,176,-1.3803827751196172,-0.17704918032786887
fig11c_device,red_exp,125,177,-1.3971291866028708,-0.180327868852459
fig11c_device,red_exp,126,177,-1.388755980861244,-0.180327868852459
fig11c_device,red_exp,123,178,-1.4138755980861244,-0.18360655737704912
fig11c_device,red_exp,124,178,-1.4055023923444976,-0.18360655737704912
fig11c_device,red_exp,173,178,-0.9952153110047848,-0.18360655737704912
fig11c_device,red_exp,122,179,-1.4222488038277512,-0.18688524590163935
fig11c_device,red_exp,121,180,-1.430622009569378,-0.19016393442622948
fig11c_device,red_exp,169,180,-1.0287081339712918,-0.19016393442622948
fig11c_device,red_exp,120,181,-1.4389952153110048,-0.1934426229508196
fig11c_device,red_exp,139,181,-1.2799043062200957,-0.1934426229508196
fig11c_device,red_exp,140,181,-1.2715311004784688,-0.1934426229508196
fig11c_device,red_exp,141,181,-1.263157894736842,-0.1934426229508196
fig11c_device,red_exp,118,182,-1.4557416267942584,-0.19672131147540983
fig11c_device,red_exp,119,182,-1.4473684210526316,-0.19672131147540983
fig11c_device,red_exp,135,182,-1.313397129186603,-0.19672131147540983
fig11c_device,red_exp,136,182,-1.305023923444976,-0.19672131147540983
fig11c_device,red_exp,137,182,-1.2966507177033493,-0.19672131147540983
fig11c_device,red_exp,138,182,-1.2882775119617225,-0.19672131147540983
fig11c_device,red_exp,166,182,-1.0538277511961722,-0.19672131147540983
fig11c_device,red_exp,117,183,-1.464114832535885,-0.19999999999999996
fig11c_device,red_exp,133,183,-1.3301435406698565,-0.19999999999999996
fig11c_device,red_exp,134,183,-1.3217703349282295,-0.19999999999999996
fig11c_device,red_exp,164,183,-1.0705741626794258,-0.19999999999999996
fig11c_device,red_exp,116,184,-1.472488038277512,-0.2032786885245902
fig11c_device,red_exp,130,184,-1.3552631578947367,-0.2032786885245902
fig11c_device,red_exp,131,184,-1.3468899521531101,-0.2032786885245902
fig11c_device,red_exp,132,184,-1.3385167464114833,-0.2032786885245902
fig11c_device,red_exp,162,184,-1.0873205741626795,-0.2032786885245902
fig11c_device,red_exp,115,185,-1.4808612440191387,-0.2065573770491803
fig11c_device,red_exp,128,185,-1.3720095693779903,-0.2065573770491803
fig11c_device,red_exp,129,185,-1.3636363636363638,-0.2065573770491803
fig11c_device,red_exp,160,185,-1.1040669856459329,-0.2065573770491803
fig11c_device,red_exp,161,185,-1.0956937799043063,-0.2065573770491803
fig11c_device,red_exp,113,186,-1.4976076555023923,-0.20983606557377044
fig11c_device,red_exp,114,186,-1.4892344497607655,-0.20983606557377044
fig11c_device,red_exp,127,186,-1.3803827751196172,-0.20983606557377044
fig11c_device,red_exp,158,186,-1.1208133971291867,-0.20983606557377044
fig11c_device,red_exp,159,186,-1.11244019138756,-0.20983606557377044
fig11c_device,red_exp,111,187,-1.514354066985646,-0.21311475409836067
fig11c_device,red_exp,112,187,-1.5059808612440193,-0.21311475409836067
fig11c_device,red_exp,124,187,-1.4055023923444976,-0.21311475409836067
fig11c_device,red_exp,125,187,-1.3971291866028708,-0.21311475409836067
fig11c_device,red_exp,126,187,-1.388755980861244,-0.21311475409836067
fig11c_device,red_exp,156,187,-1.13755980861244,-0.21311475409836067
fig11c_device,red_exp,157,187,-1.1291866028708135,-0.21311475409836067
fig11c_device,red_exp,109,188,-1.5311004784688995,-0.2163934426229508
fig11c_device,red_exp,110,188,-1.5227272727272727,-0.2163934426229508
fig11c_device,red_exp,122,188,-1.4222488038277512,-0.2163934426229508
fig11c_device,red_exp,123,188,-1.4138755980861244,-0.2163934426229508
fig11c_device,red_exp,143,188,-1.2464114832535884,-0.2163934426229508
fig11c_device,red_exp,144,188,-1.2380382775119618,-0.2163934426229508
fig11c_device,red_exp,145,188,-1.2296650717703348,-0.2163934426229508
fig11c_device,red_exp,108,189,-1.5394736842105263,-0.21967213114754092
fig11c_device,red_exp,121,189,-1.430622009569378,-0.21967213114754092
fig11c_device,red_exp,141,189,-1.263157894736842,-0.21967213114754092
fig11c_device,red_exp,142,189,-1.2547846889952154,-0.21967213114754092
fig11c_device,red_exp,106,190,-1.55622009569378,-0.22295081967213115
fig11c_device,red_exp,107,190,-1.5478468899521531,-0.22295081967213115
fig11c_device,red_exp,119,190,-1.4473684210526316,-0.22295081967213115
fig11c_device,red_exp,120,190,-1.4389952153110048,-0.22295081967213115
fig11c_device,red_exp,105,191,-1.5645933014354068,-0.22622950819672127
fig11c_device,red_exp,117,191,-1.464114832535885,-0.22622950819672127
fig11c_device,red_exp,118,191,-1.4557416267942584,-0.22622950819672127
fig11c_device,red_exp,104,192,-1.5729665071770336,-0.2295081967213115
fig11c_device,red_exp,116,192,-1.472488038277512,-0.2295081967213115
fig11c_device,red_exp,103,193,-1.5813397129186604,-0.23278688524590163
fig11c_device,red_exp,101,194,-1.598086124401914,-0.23606557377049175
fig11c_device,red_exp,102,194,-1.589712918660287,-0.23606557377049175
fig11c_device,red_exp,100,195,-1.6064593301435406,-0.239344262295082
fig11c_device,red_exp,99,196,-1.6148325358851674,-0.2426229508196721
fig11c_device,red_exp,105,196,-1.5645933014354068,-0.2426229508196721
fig11c_device,red_exp,98,197,-1.6232057416267942,-0.24590163934426224
fig11c_device,red_exp,104,197,-1.5729665071770336,-0.24590163934426224
fig11c_device,red_exp,97,198,-1.631578947368421,-0.24918032786885247
fig11c_device,red_exp,103,198,-1.5813397129186604,-0.24918032786885247
fig11c_device,red_exp,96,199,-1.6399521531100478,-0.2524590163934426
fig11c_device,red_exp,102,199,-1.589712918660287,-0.2524590163934426
fig11c_device,red_exp,95,200,-1.6483253588516746,-0.2557377049180327
fig11c_device,red_exp,101,200,-1.598086124401914,-0.2557377049180327
fig11c_device,red_exp,94,201,-1.6566985645933014,-0.25901639344262295
fig11c_device,red_exp,100,201,-1.6064593301435406,-0.25901639344262295
fig11c_device,red_exp,93,202,-1.6650717703349283,-0.2622950819672131
fig11c_device,red_exp,99,202,-1.6148325358851674,-0.2622950819672131
fig11c_device,red_exp,92,203,-1.673444976076555,-0.2655737704918033
fig11c_device,red_exp,98,203,-1.6232057416267942,-0.2655737704918033
fig11c_device,red_exp,91,204,-1.6818181818181819,-0.26885245901639343
fig11c_device,red_exp,97,204,-1.631578947368421,-0.26885245901639343
fig11c_device,red_exp,90,205,-1.6901913875598087,-0.27213114754098355
fig11c_device,red_exp,96,205,-1.6399521531100478,-0.27213114754098355
fig11c_device,red_exp,89,206,-1.6985645933014353,-0.2754098360655738
fig11c_device,red_exp,95,206,-1.6483253588516746,-0.2754098360655738
fig11c_device,red_exp,89,207,-1.6985645933014353,-0.2786885245901639
fig11c_device,red_exp,94,207,-1.6566985645933014,-0.2786885245901639
fig11c_device,red_exp,88,208,-1.7069377990430623,-0.28196721311475403
fig11c_device,red_exp,93,208,-1.6650717703349283,-0.28196721311475403
fig11c_device,red_exp,93,209,-1.6650717703349283,-0.28524590163934427
fig11c_device,red_exp,92,210,-1.673444976076555,-0.2885245901639344
fig11c_device,red_exp,91,211,-1.6818181818181819,-0.2918032786885245
fig11c_device,red_exp,90,212,-1.6901913875598087,-0.29508196721311475
fig11c_device,red_exp,85,213,-1.7320574162679425,-0.29836065573770487
fig11c_device,red_exp,86,213,-1.723684210526316,-0.29836065573770487
fig11c_device,red_exp,88,213,-1.7069377990430623,-0.29836065573770487
fig11c_device,red_exp,89,213,-1.6985645933014353,-0.29836065573770487
fig11c_device,red_exp,84,214,-1.7404306220095693,-0.3016393442622951
fig11c_device,red_exp,87,214,-1.715311004784689,-0.3016393442622951
fig11c_device,red_exp,83,215,-1.7488038277511961,-0.30491803278688523
fig11c_device,red_exp,87,215,-1.715311004784689,-0.30491803278688523
fig11c_device,red_exp,83,216,-1.7488038277511961,-0.30819672131147535
fig11c_device,red_exp,86,216,-1.723684210526316,-0.30819672131147535
fig11c_device,red_exp,83,217,-1.7488038277511961,-0.3114754098360656
fig11c_device,red_exp,85,217,-1.7320574162679425,-0.3114754098360656
fig11c_device,red_exp,83,218,-1.7488038277511961,-0.3147540983606557
fig11c_device,red_exp,84,218,-1.7404306220095693,-0.3147540983606557
fig11c_device,red_exp,83,219,-1.7488038277511961,-0.31803278688524583
fig11c_device,red_exp,82,220,-1.757177033492823,-0.32131147540983607
fig11c_device,red_exp,82,221,-1.757177033492823,-0.3245901639344262
fig11c_device,red_exp,81,222,-1.7655502392344498,-0.3278688524590164
fig11c_device,red_exp,82,222,-1.757177033492823,-0.3278688524590164
fig11c_device,red_exp,81,223,-1.7655502392344498,-0.33114754098360655
fig11c_device,red_exp,83,223,-1.7488038277511961,-0.33114754098360655
fig11c_device,red_exp,81,224,-1.7655502392344498,-0.33442622950819667
fig11c_device,red_exp,82,224,-1.757177033492823,-0.33442622950819667
fig11c_device,red_exp,80,225,-1.7739234449760766,-0.3377049180327869
fig11c_device,red_exp,79,226,-1.7822966507177034,-0.34098360655737703
fig11c_device,red_exp,79,227,-1.7822966507177034,-0.34426229508196715
fig11c_device,red_exp,78,228,-1.7906698564593302,-0.3475409836065574
fig11c_device,red_exp,78,229,-1.7906698564593302,-0.3508196721311475
fig11c_device,red_exp,77,230,-1.799043062200957,-0.35409836065573763
fig11c_device,red_exp,76,231,-1.8074162679425838,-0.35737704918032787
fig11c_device,red_exp,77,239,-1.799043062200957,-0.3836065573770492
fig11c_device,red_exp,77,240,-1.799043062200957,-0.3868852459016393
fig11c_device,red_exp,76,241,-1.8074162679425838,-0.39016393442622943
fig11c_device,red_exp,76,243,-1.8074162679425838,-0.3967213114754098
fig11c_device,red_exp,75,244,-1.8157894736842106,-0.4
fig11c_device,red_exp,74,245,-1.8241626794258372,-0.40327868852459015
fig11c_device,red_exp,74,246,-1.8241626794258372,-0.40655737704918027
fig11c_device,red_exp,73,247,-1.8325358851674642,-0.4098360655737705
fig11c_device,red_exp,73,248,-1.8325358851674642,-0.4131147540983606
fig11c_device,red_exp,72,249,-1.8409090909090908,-0.41639344262295075
fig11c_device,red_exp,72,250,-1.8409090909090908,-0.419672131147541
fig11c_device,red_exp,72,251,-1.8409090909090908,-0.4229508196721311
fig11c_device,red_exp,71,252,-1.8492822966507176,-0.42622950819672134
fig11c_device,red_exp,71,253,-1.8492822966507176,-0.42950819672131146
fig11c_device,red_exp,71,254,-1.8492822966507176,-0.4327868852459016
fig11c_device,red_exp,71,255,-1.8492822966507176,-0.4360655737704918
fig11c_device,red_exp,69,260,-1.8660287081339713,-0.45245901639344255
fig11c_device,red_exp,68,266,-1.874401913875598,-0.4721311475409836
fig11c_device,red_exp,69,266,-1.8660287081339713,-0.4721311475409836
fig11c_device,red_exp,68,270,-1.874401913875598,-0.4852459016393442
fig11c_device,red_exp,67,271,-1.8827751196172249,-0.48852459016393446
fig11c_device,red_exp,67,272,-1.8827751196172249,-0.4918032786885246
fig11c_device,red_exp,65,277,-1.8995215311004785,-0.5081967213114754
fig11c_device,red_exp,65,278,-1.8995215311004785,-0.5114754098360655
fig11c_device,red_exp,66,279,-1.8911483253588517,-0.5147540983606557
fig11c_device,red_exp,64,286,-1.9078947368421053,-0.5377049180327869
fig11c_device,red_exp,64,287,-1.9078947368421053,-0.540983606557377
fig11c_device,red_exp,65,288,-1.8995215311004785,-0.5442622950819672
fig11c_device,black_model_or_exp,220,7,-0.6016746411483254,0.3770491803278689
fig11c_device,black_model_or_exp,220,8,-0.6016746411483254,0.3737704918032787
fig11c_device,black_model_or_exp,220,9,-0.6016746411483254,0.3704918032786885
fig11c_device,black_model_or_exp,220,10,-0.6016746411483254,0.3672131147540984
fig11c_device,black_model_or_exp,220,11,-0.6016746411483254,0.3639344262295082
fig11c_device,black_model_or_exp,220,12,-0.6016746411483254,0.36065573770491804
fig11c_device,black_model_or_exp,220,13,-0.6016746411483254,0.35737704918032787
fig11c_device,black_model_or_exp,139,14,-1.2799043062200957,0.35409836065573774
fig11c_device,black_model_or_exp,140,14,-1.2715311004784688,0.35409836065573774
fig11c_device,black_model_or_exp,141,14,-1.263157894736842,0.35409836065573774
fig11c_device,black_model_or_exp,142,14,-1.2547846889952154,0.35409836065573774
fig11c_device,black_model_or_exp,143,14,-1.2464114832535884,0.35409836065573774
fig11c_device,black_model_or_exp,144,14,-1.2380382775119618,0.35409836065573774
fig11c_device,black_model_or_exp,145,14,-1.2296650717703348,0.35409836065573774
fig11c_device,black_model_or_exp,179,14,-0.9449760765550239,0.35409836065573774
fig11c_device,black_model_or_exp,180,14,-0.9366028708133971,0.35409836065573774
fig11c_device,black_model_or_exp,181,14,-0.9282296650717703,0.35409836065573774
fig11c_device,black_model_or_exp,182,14,-0.9198564593301435,0.35409836065573774
fig11c_device,black_model_or_exp,183,14,-0.9114832535885167,0.35409836065573774
fig11c_device,black_model_or_exp,220,14,-0.6016746411483254,0.35409836065573774
fig11c_device,black_model_or_exp,138,15,-1.2882775119617225,0.35081967213114756
fig11c_device,black_model_or_exp,178,15,-0.9533492822966507,0.35081967213114756
fig11c_device,black_model_or_exp,184,15,-0.9031100478468899,0.35081967213114756
fig11c_device,black_model_or_exp,185,15,-0.8947368421052633,0.35081967213114756
fig11c_device,black_model_or_exp,201,15,-0.7607655502392343,0.35081967213114756
fig11c_device,black_model_or_exp,220,15,-0.6016746411483254,0.35081967213114756
fig11c_device,black_model_or_exp,138,16,-1.2882775119617225,0.3475409836065574
fig11c_device,black_model_or_exp,178,16,-0.9533492822966507,0.3475409836065574
fig11c_device,black_model_or_exp,186,16,-0.8863636363636365,0.3475409836065574
fig11c_device,black_model_or_exp,201,16,-0.7607655502392343,0.3475409836065574
fig11c_device,black_model_or_exp,220,16,-0.6016746411483254,0.3475409836065574
fig11c_device,black_model_or_exp,138,17,-1.2882775119617225,0.34426229508196726
fig11c_device,black_model_or_exp,178,17,-0.9533492822966507,0.34426229508196726
fig11c_device,black_model_or_exp,186,17,-0.8863636363636365,0.34426229508196726
fig11c_device,black_model_or_exp,194,17,-0.819377990430622,0.34426229508196726
fig11c_device,black_model_or_exp,201,17,-0.7607655502392343,0.34426229508196726
fig11c_device,black_model_or_exp,209,17,-0.69377990430622,0.34426229508196726
fig11c_device,black_model_or_exp,220,17,-0.6016746411483254,0.34426229508196726
fig11c_device,black_model_or_exp,138,18,-1.2882775119617225,0.3409836065573771
fig11c_device,black_model_or_exp,149,18,-1.1961722488038278,0.3409836065573771
fig11c_device,black_model_or_exp,150,18,-1.187799043062201,0.3409836065573771
fig11c_device,black_model_or_exp,154,18,-1.1543062200956937,0.3409836065573771
fig11c_device,black_model_or_exp,155,18,-1.1459330143540671,0.3409836065573771
fig11c_device,black_model_or_exp,158,18,-1.1208133971291867,0.3409836065573771
fig11c_device,black_model_or_exp,159,18,-1.11244019138756,0.3409836065573771
fig11c_device,black_model_or_exp,160,18,-1.1040669856459329,0.3409836065573771
fig11c_device,black_model_or_exp,161,18,-1.0956937799043063,0.3409836065573771
fig11c_device,black_model_or_exp,162,18,-1.0873205741626795,0.3409836065573771
fig11c_device,black_model_or_exp,163,18,-1.0789473684210527,0.3409836065573771
fig11c_device,black_model_or_exp,178,18,-0.9533492822966507,0.3409836065573771
fig11c_device,black_model_or_exp,187,18,-0.8779904306220097,0.3409836065573771
fig11c_device,black_model_or_exp,192,18,-0.8361244019138756,0.3409836065573771
fig11c_device,black_model_or_exp,193,18,-0.8277511961722488,0.3409836065573771
fig11c_device,black_model_or_exp,195,18,-0.8110047846889952,0.3409836065573771
fig11c_device,black_model_or_exp,196,18,-0.8026315789473684,0.3409836065573771
fig11c_device,black_model_or_exp,197,18,-0.7942583732057416,0.3409836065573771
fig11c_device,black_model_or_exp,201,18,-0.7607655502392343,0.3409836065573771
fig11c_device,black_model_or_exp,207,18,-0.7105263157894737,0.3409836065573771
fig11c_device,black_model_or_exp,208,18,-0.7021531100478469,0.3409836065573771
fig11c_device,black_model_or_exp,210,18,-0.6854066985645932,0.3409836065573771
fig11c_device,black_model_or_exp,211,18,-0.6770334928229667,0.3409836065573771
fig11c_device,black_model_or_exp,220,18,-0.6016746411483254,0.3409836065573771
fig11c_device,black_model_or_exp,139,19,-1.2799043062200957,0.3377049180327869
fig11c_device,black_model_or_exp,151,19,-1.1794258373205742,0.3377049180327869
fig11c_device,black_model_or_exp,187,19,-0.8779904306220097,0.3377049180327869
fig11c_device,black_model_or_exp,212,19,-0.6686602870813398,0.3377049180327869
fig11c_device,black_model_or_exp,220,19,-0.6016746411483254,0.3377049180327869
fig11c_device,black_model_or_exp,438,30,1.223684210526316,0.3016393442622951
fig11c_device,black_model_or_exp,437,31,1.215311004784689,0.2983606557377049
fig11c_device,black_model_or_exp,437,32,1.215311004784689,0.29508196721311475
fig11c_device,black_model_or_exp,435,33,1.1985645933014353,0.2918032786885246
fig11c_device,black_model_or_exp,436,33,1.2069377990430619,0.2918032786885246
fig11c_device,black_model_or_exp,433,34,1.1818181818181817,0.28852459016393445
fig11c_device,black_model_or_exp,434,34,1.1901913875598087,0.28852459016393445
fig11c_device,black_model_or_exp,431,35,1.165071770334928,0.28524590163934427
fig11c_device,black_model_or_exp,432,35,1.173444976076555,0.28524590163934427
fig11c_device,black_model_or_exp,429,36,1.1483253588516749,0.28196721311475414
fig11c_device,black_model_or_exp,430,36,1.1566985645933014,0.28196721311475414
fig11c_device,black_model_or_exp,427,37,1.1315789473684212,0.27868852459016397
fig11c_device,black_model_or_exp,428,37,1.1399521531100478,0.27868852459016397
fig11c_device,black_model_or_exp,426,38,1.1232057416267942,0.2754098360655738
fig11c_device,black_model_or_exp,425,39,1.1148325358851672,0.27213114754098366
fig11c_device,black_model_or_exp,424,40,1.1064593301435406,0.26885245901639343
fig11c_device,black_model_or_exp,422,41,1.089712918660287,0.2655737704918033
fig11c_device,black_model_or_exp,423,41,1.0980861244019136,0.2655737704918033
fig11c_device,black_model_or_exp,421,42,1.0813397129186604,0.26229508196721313
fig11c_device,black_model_or_exp,419,43,1.0645933014354068,0.25901639344262295
fig11c_device,black_model_or_exp,420,43,1.0729665071770333,0.25901639344262295
fig11c_device,black_model_or_exp,415,44,1.0311004784688995,0.2557377049180328
fig11c_device,black_model_or_exp,416,44,1.0394736842105265,0.2557377049180328
fig11c_device,black_model_or_exp,417,44,1.0478468899521531,0.2557377049180328
fig11c_device,black_model_or_exp,418,44,1.0562200956937797,0.2557377049180328
fig11c_device,black_model_or_exp,413,45,1.0143540669856463,0.25245901639344265
fig11c_device,black_model_or_exp,414,45,1.022727272727273,0.25245901639344265
fig11c_device,black_model_or_exp,418,45,1.0562200956937797,0.25245901639344265
fig11c_device,black_model_or_exp,411,46,0.9976076555023923,0.24918032786885247
fig11c_device,black_model_or_exp,412,46,1.0059808612440193,0.24918032786885247
fig11c_device,black_model_or_exp,418,46,1.0562200956937797,0.24918032786885247
fig11c_device,black_model_or_exp,409,47,0.9808612440191387,0.24590163934426232
fig11c_device,black_model_or_exp,410,47,0.9892344497607652,0.24590163934426232
fig11c_device,black_model_or_exp,418,47,1.0562200956937797,0.24590163934426232
fig11c_device,black_model_or_exp,407,48,0.964114832535885,0.24262295081967214
fig11c_device,black_model_or_exp,408,48,0.9724880382775121,0.24262295081967214
fig11c_device,black_model_or_exp,418,48,1.0562200956937797,0.24262295081967214
fig11c_device,black_model_or_exp,405,49,0.9473684210526314,0.239344262295082
fig11c_device,black_model_or_exp,406,49,0.9557416267942584,0.239344262295082
fig11c_device,black_model_or_exp,417,49,1.0478468899521531,0.239344262295082
fig11c_device,black_model_or_exp,403,50,0.9306220095693782,0.23606557377049184
fig11c_device,black_model_or_exp,404,50,0.9389952153110048,0.23606557377049184
fig11c_device,black_model_or_exp,416,50,1.0394736842105265,0.23606557377049184
fig11c_device,black_model_or_exp,401,51,0.9138755980861246,0.23278688524590166
fig11c_device,black_model_or_exp,402,51,0.9222488038277512,0.23278688524590166
fig11c_device,black_model_or_exp,416,51,1.0394736842105265,0.23278688524590166
fig11c_device,black_model_or_exp,400,52,0.9055023923444976,0.2295081967213115
fig11c_device,black_model_or_exp,416,52,1.0394736842105265,0.2295081967213115
fig11c_device,black_model_or_exp,398,53,0.888755980861244,0.22622950819672133
fig11c_device,black_model_or_exp,399,53,0.8971291866028706,0.22622950819672133
fig11c_device,black_model_or_exp,415,53,1.0311004784688995,0.22622950819672133
fig11c_device,black_model_or_exp,396,54,0.8720095693779903,0.22295081967213118
fig11c_device,black_model_or_exp,397,54,0.8803827751196169,0.22295081967213118
fig11c_device,black_model_or_exp,415,54,1.0311004784688995,0.22295081967213118
fig11c_device,black_model_or_exp,394,55,0.8552631578947367,0.219672131147541
fig11c_device,black_model_or_exp,395,55,0.8636363636363638,0.219672131147541
fig11c_device,black_model_or_exp,414,55,1.022727272727273,0.219672131147541
fig11c_device,black_model_or_exp,392,56,0.8385167464114831,0.21639344262295085
fig11c_device,black_model_or_exp,393,56,0.8468899521531101,0.21639344262295085
fig11c_device,black_model_or_exp,414,56,1.022727272727273,0.21639344262295085
fig11c_device,black_model_or_exp,390,57,0.8217703349282299,0.21311475409836067
fig11c_device,black_model_or_exp,391,57,0.8301435406698565,0.21311475409836067
fig11c_device,black_model_or_exp,413,57,1.0143540669856463,0.21311475409836067
fig11c_device,black_model_or_exp,389,58,0.8133971291866029,0.20983606557377052
fig11c_device,black_model_or_exp,413,58,1.0143540669856463,0.20983606557377052
fig11c_device,black_model_or_exp,60,59,-1.9413875598086126,0.20655737704918034
fig11c_device,black_model_or_exp,61,59,-1.9330143540669857,0.20655737704918034
fig11c_device,black_model_or_exp,62,59,-1.924641148325359,0.20655737704918034
fig11c_device,black_model_or_exp,63,59,-1.9162679425837321,0.20655737704918034
fig11c_device,black_model_or_exp,64,59,-1.9078947368421053,0.20655737704918034
fig11c_device,black_model_or_exp,65,59,-1.8995215311004785,0.20655737704918034
fig11c_device,black_model_or_exp,66,59,-1.8911483253588517,0.20655737704918034
fig11c_device,black_model_or_exp,67,59,-1.8827751196172249,0.20655737704918034
fig11c_device,black_model_or_exp,68,59,-1.874401913875598,0.20655737704918034
fig11c_device,black_model_or_exp,69,59,-1.8660287081339713,0.20655737704918034
fig11c_device,black_model_or_exp,387,59,0.7966507177033493,0.20655737704918034
fig11c_device,black_model_or_exp,388,59,0.8050239234449763,0.20655737704918034
fig11c_device,black_model_or_exp,412,59,1.0059808612440193,0.20655737704918034
fig11c_device,black_model_or_exp,385,60,0.7799043062200957,0.2032786885245902
fig11c_device,black_model_or_exp,386,60,0.7882775119617227,0.2032786885245902
fig11c_device,black_model_or_exp,412,60,1.0059808612440193,0.2032786885245902
fig11c_device,black_model_or_exp,383,61,0.763157894736842,0.2
fig11c_device,black_model_or_exp,384,61,0.7715311004784686,0.2
fig11c_device,black_model_or_exp,411,61,0.9976076555023923,0.2
fig11c_device,black_model_or_exp,381,62,0.7464114832535884,0.19672131147540986
fig11c_device,black_model_or_exp,382,62,0.7547846889952154,0.19672131147540986
fig11c_device,black_model_or_exp,411,62,0.9976076555023923,0.19672131147540986
fig11c_device,black_model_or_exp,379,63,0.7296650717703348,0.19344262295081968
fig11c_device,black_model_or_exp,380,63,0.7380382775119618,0.19344262295081968
fig11c_device,black_model_or_exp,410,63,0.9892344497607652,0.19344262295081968
fig11c_device,black_model_or_exp,378,64,0.7212918660287082,0.19016393442622953
fig11c_device,black_model_or_exp,410,64,0.9892344497607652,0.19016393442622953
fig11c_device,black_model_or_exp,376,65,0.7045454545454546,0.18688524590163938
fig11c_device,black_model_or_exp,377,65,0.7129186602870816,0.18688524590163938
fig11c_device,black_model_or_exp,409,65,0.9808612440191387,0.18688524590163938
fig11c_device,black_model_or_exp,374,66,0.687799043062201,0.1836065573770492
fig11c_device,black_model_or_exp,375,66,0.696172248803828,0.1836065573770492
fig11c_device,black_model_or_exp,409,66,0.9808612440191387,0.1836065573770492
fig11c_device,black_model_or_exp,372,67,0.6710526315789473,0.18032786885245905
fig11c_device,black_model_or_exp,373,67,0.6794258373205739,0.18032786885245905
fig11c_device,black_model_or_exp,408,67,0.9724880382775121,0.18032786885245905
fig11c_device,black_model_or_exp,370,68,0.6543062200956937,0.17704918032786887
fig11c_device,black_model_or_exp,371,68,0.6626794258373203,0.17704918032786887
fig11c_device,black_model_or_exp,407,68,0.964114832535885,0.17704918032786887
fig11c_device,black_model_or_exp,368,69,0.6375598086124401,0.17377049180327872
fig11c_device,black_model_or_exp,369,69,0.6459330143540667,0.17377049180327872
fig11c_device,black_model_or_exp,407,69,0.964114832535885,0.17377049180327872
fig11c_device,black_model_or_exp,367,70,0.6291866028708135,0.17049180327868854
fig11c_device,black_model_or_exp,406,70,0.9557416267942584,0.17049180327868854
fig11c_device,black_model_or_exp,365,71,0.6124401913875599,0.1672131147540984
fig11c_device,black_model_or_exp,366,71,0.6208133971291865,0.1672131147540984
fig11c_device,black_model_or_exp,405,71,0.9473684210526314,0.1672131147540984
fig11c_device,black_model_or_exp,363,72,0.5956937799043063,0.1639344262295082
fig11c_device,black_model_or_exp,364,72,0.6040669856459333,0.1639344262295082
fig11c_device,black_model_or_exp,404,72,0.9389952153110048,0.1639344262295082
fig11c_device,black_model_or_exp,361,73,0.5789473684210527,0.16065573770491806
fig11c_device,black_model_or_exp,362,73,0.5873205741626797,0.16065573770491806
fig11c_device,black_model_or_exp,404,73,0.9389952153110048,0.16065573770491806
fig11c_device,black_model_or_exp,359,74,0.562200956937799,0.15737704918032788
fig11c_device,black_model_or_exp,360,74,0.5705741626794261,0.15737704918032788
fig11c_device,black_model_or_exp,403,74,0.9306220095693782,0.15737704918032788
fig11c_device,black_model_or_exp,357,75,0.5454545454545454,0.15409836065573773
fig11c_device,black_model_or_exp,358,75,0.553827751196172,0.15409836065573773
fig11c_device,black_model_or_exp,402,75,0.9222488038277512,0.15409836065573773
fig11c_device,black_model_or_exp,355,76,0.5287081339712918,0.15081967213114755
fig11c_device,black_model_or_exp,356,76,0.5370813397129184,0.15081967213114755
fig11c_device,black_model_or_exp,401,76,0.9138755980861246,0.15081967213114755
fig11c_device,black_model_or_exp,354,77,0.5203349282296652,0.14754098360655737
fig11c_device,black_model_or_exp,400,77,0.9055023923444976,0.14754098360655737
fig11c_device,black_model_or_exp,352,78,0.5035885167464116,0.14426229508196725
fig11c_device,black_model_or_exp,353,78,0.5119617224880382,0.14426229508196725
fig11c_device,black_model_or_exp,398,78,0.888755980861244,0.14426229508196725
fig11c_device,black_model_or_exp,399,78,0.8971291866028706,0.14426229508196725
fig11c_device,black_model_or_exp,350,79,0.48684210526315796,0.14098360655737707
fig11c_device,black_model_or_exp,351,79,0.49521531100478455,0.14098360655737707
fig11c_device,black_model_or_exp,397,79,0.8803827751196169,0.14098360655737707
fig11c_device,black_model_or_exp,348,80,0.47009569377990434,0.1377049180327869
fig11c_device,black_model_or_exp,349,80,0.4784688995215314,0.1377049180327869
fig11c_device,black_model_or_exp,395,80,0.8636363636363638,0.1377049180327869
fig11c_device,black_model_or_exp,396,80,0.8720095693779903,0.1377049180327869
fig11c_device,black_model_or_exp,346,81,0.4533492822966507,0.13442622950819677
fig11c_device,black_model_or_exp,347,81,0.4617224880382773,0.13442622950819677
fig11c_device,black_model_or_exp,393,81,0.8468899521531101,0.13442622950819677
fig11c_device,black_model_or_exp,394,81,0.8552631578947367,0.13442622950819677
fig11c_device,black_model_or_exp,344,82,0.4366028708133971,0.1311475409836066
fig11c_device,black_model_or_exp,345,82,0.4449760765550237,0.1311475409836066
fig11c_device,black_model_or_exp,390,82,0.8217703349282299,0.1311475409836066
fig11c_device,black_model_or_exp,391,82,0.8301435406698565,0.1311475409836066
fig11c_device,black_model_or_exp,392,82,0.8385167464114831,0.1311475409836066
fig11c_device,black_model_or_exp,343,83,0.42822966507177007,0.1278688524590164
fig11c_device,black_model_or_exp,388,83,0.8050239234449763,0.1278688524590164
fig11c_device,black_model_or_exp,389,83,0.8133971291866029,0.1278688524590164
fig11c_device,black_model_or_exp,341,84,0.4114832535885169,0.12459016393442623
fig11c_device,black_model_or_exp,342,84,0.4198564593301435,0.12459016393442623
fig11c_device,black_model_or_exp,386,84,0.7882775119617227,0.12459016393442623
fig11c_device,black_model_or_exp,387,84,0.7966507177033493,0.12459016393442623
fig11c_device,black_model_or_exp,339,85,0.3947368421052633,0.12131147540983611
fig11c_device,black_model_or_exp,340,85,0.40311004784688986,0.12131147540983611
fig11c_device,black_model_or_exp,383,85,0.763157894736842,0.12131147540983611
fig11c_device,black_model_or_exp,384,85,0.7715311004784686,0.12131147540983611
fig11c_device,black_model_or_exp,385,85,0.7799043062200957,0.12131147540983611
fig11c_device,black_model_or_exp,337,86,0.37799043062200965,0.11803278688524593
fig11c_device,black_model_or_exp,338,86,0.38636363636363624,0.11803278688524593
fig11c_device,black_model_or_exp,380,86,0.7380382775119618,0.11803278688524593
fig11c_device,black_model_or_exp,381,86,0.7464114832535884,0.11803278688524593
fig11c_device,black_model_or_exp,382,86,0.7547846889952154,0.11803278688524593
fig11c_device,black_model_or_exp,335,87,0.36124401913875603,0.11475409836065575
fig11c_device,black_model_or_exp,336,87,0.36961722488038307,0.11475409836065575
fig11c_device,black_model_or_exp,378,87,0.7212918660287082,0.11475409836065575
fig11c_device,black_model_or_exp,379,87,0.7296650717703348,0.11475409836065575
fig11c_device,black_model_or_exp,333,88,0.3444976076555024,0.11147540983606558
fig11c_device,black_model_or_exp,334,88,0.35287081339712945,0.11147540983606558
fig11c_device,black_model_or_exp,375,88,0.696172248803828,0.11147540983606558
fig11c_device,black_model_or_exp,376,88,0.7045454545454546,0.11147540983606558
fig11c_device,black_model_or_exp,377,88,0.7129186602870816,0.11147540983606558
fig11c_device,black_model_or_exp,332,89,0.3361244019138754,0.10819672131147545
fig11c_device,black_model_or_exp,372,89,0.6710526315789473,0.10819672131147545
fig11c_device,black_model_or_exp,373,89,0.6794258373205739,0.10819672131147545
fig11c_device,black_model_or_exp,374,89,0.687799043062201,0.10819672131147545
fig11c_device,black_model_or_exp,330,90,0.31937799043062176,0.10491803278688527
fig11c_device,black_model_or_exp,331,90,0.3277511961722488,0.10491803278688527
fig11c_device,black_model_or_exp,369,90,0.6459330143540667,0.10491803278688527
fig11c_device,black_model_or_exp,370,90,0.6543062200956937,0.10491803278688527
fig11c_device,black_model_or_exp,371,90,0.6626794258373203,0.10491803278688527
fig11c_device,black_model_or_exp,328,91,0.3026315789473686,0.1016393442622951
fig11c_device,black_model_or_exp,329,91,0.3110047846889952,0.1016393442622951
fig11c_device,black_model_or_exp,367,91,0.6291866028708135,0.1016393442622951
fig11c_device,black_model_or_exp,368,91,0.6375598086124401,0.1016393442622951
fig11c_device,black_model_or_exp,326,92,0.28588516746411496,0.09836065573770492
fig11c_device,black_model_or_exp,327,92,0.29425837320574155,0.09836065573770492
fig11c_device,black_model_or_exp,364,92,0.6040669856459333,0.09836065573770492
fig11c_device,black_model_or_exp,365,92,0.6124401913875599,0.09836065573770492
fig11c_device,black_model_or_exp,366,92,0.6208133971291865,0.09836065573770492
fig11c_device,black_model_or_exp,324,93,0.26913875598086134,0.09508196721311479
fig11c_device,black_model_or_exp,325,93,0.27751196172248793,0.09508196721311479
fig11c_device,black_model_or_exp,361,93,0.5789473684210527,0.09508196721311479
fig11c_device,black_model_or_exp,362,93,0.5873205741626797,0.09508196721311479
fig11c_device,black_model_or_exp,363,93,0.5956937799043063,0.09508196721311479
fig11c_device,black_model_or_exp,322,94,0.2523923444976077,0.09180327868852461
fig11c_device,black_model_or_exp,323,94,0.26076555023923476,0.09180327868852461
fig11c_device,black_model_or_exp,357,94,0.5454545454545454,0.09180327868852461
fig11c_device,black_model_or_exp,358,94,0.553827751196172,0.09180327868852461
fig11c_device,black_model_or_exp,359,94,0.562200956937799,0.09180327868852461
fig11c_device,black_model_or_exp,360,94,0.5705741626794261,0.09180327868852461
fig11c_device,black_model_or_exp,320,95,0.23564593301435366,0.08852459016393444
fig11c_device,black_model_or_exp,321,95,0.2440191387559807,0.08852459016393444
fig11c_device,black_model_or_exp,354,95,0.5203349282296652,0.08852459016393444
fig11c_device,black_model_or_exp,355,95,0.5287081339712918,0.08852459016393444
fig11c_device,black_model_or_exp,356,95,0.5370813397129184,0.08852459016393444
fig11c_device,black_model_or_exp,319,96,0.22727272727272707,0.08524590163934426
fig11c_device,black_model_or_exp,351,96,0.49521531100478455,0.08524590163934426
fig11c_device,black_model_or_exp,352,96,0.5035885167464116,0.08524590163934426
fig11c_device,black_model_or_exp,353,96,0.5119617224880382,0.08524590163934426
fig11c_device,black_model_or_exp,317,97,0.21052631578947345,0.08196721311475413
fig11c_device,black_model_or_exp,318,97,0.21889952153110048,0.08196721311475413
fig11c_device,black_model_or_exp,348,97,0.47009569377990434,0.08196721311475413
fig11c_device,black_model_or_exp,349,97,0.4784688995215314,0.08196721311475413
fig11c_device,black_model_or_exp,350,97,0.48684210526315796,0.08196721311475413
fig11c_device,black_model_or_exp,315,98,0.19377990430622027,0.07868852459016396
fig11c_device,black_model_or_exp,316,98,0.20215311004784686,0.07868852459016396
fig11c_device,black_model_or_exp,344,98,0.4366028708133971,0.07868852459016396
fig11c_device,black_model_or_exp,345,98,0.4449760765550237,0.07868852459016396
fig11c_device,black_model_or_exp,346,98,0.4533492822966507,0.07868852459016396
fig11c_device,black_model_or_exp,347,98,0.4617224880382773,0.07868852459016396
fig11c_device,black_model_or_exp,313,99,0.17703349282296665,0.07540983606557378
fig11c_device,black_model_or_exp,314,99,0.18540669856459324,0.07540983606557378
fig11c_device,black_model_or_exp,341,99,0.4114832535885169,0.07540983606557378
fig11c_device,black_model_or_exp,342,99,0.4198564593301435,0.07540983606557378
fig11c_device,black_model_or_exp,343,99,0.42822966507177007,0.07540983606557378
fig11c_device,black_model_or_exp,311,100,0.16028708133971303,0.07213114754098365
fig11c_device,black_model_or_exp,312,100,0.16866028708133962,0.07213114754098365
fig11c_device,black_model_or_exp,337,100,0.37799043062200965,0.07213114754098365
fig11c_device,black_model_or_exp,338,100,0.38636363636363624,0.07213114754098365
fig11c_device,black_model_or_exp,339,100,0.3947368421052633,0.07213114754098365
fig11c_device,black_model_or_exp,340,100,0.40311004784688986,0.07213114754098365
fig11c_device,black_model_or_exp,309,101,0.1435406698564594,0.06885245901639347
fig11c_device,black_model_or_exp,310,101,0.15191387559808645,0.06885245901639347
fig11c_device,black_model_or_exp,333,101,0.3444976076555024,0.06885245901639347
fig11c_device,black_model_or_exp,334,101,0.35287081339712945,0.06885245901639347
fig11c_device,black_model_or_exp,335,101,0.36124401913875603,0.06885245901639347
fig11c_device,black_model_or_exp,336,101,0.36961722488038307,0.06885245901639347
fig11c_device,black_model_or_exp,308,102,0.13516746411483282,0.0655737704918033
fig11c_device,black_model_or_exp,330,102,0.31937799043062176,0.0655737704918033
fig11c_device,black_model_or_exp,331,102,0.3277511961722488,0.0655737704918033
fig11c_device,black_model_or_exp,332,102,0.3361244019138754,0.0655737704918033
fig11c_device,black_model_or_exp,306,103,0.11842105263157876,0.06229508196721312
fig11c_device,black_model_or_exp,307,103,0.1267942583732058,0.06229508196721312
fig11c_device,black_model_or_exp,326,103,0.28588516746411496,0.06229508196721312
fig11c_device,black_model_or_exp,327,103,0.29425837320574155,0.06229508196721312
fig11c_device,black_model_or_exp,328,103,0.3026315789473686,0.06229508196721312
fig11c_device,black_model_or_exp,329,103,0.3110047846889952,0.06229508196721312
fig11c_device,black_model_or_exp,305,104,0.11004784688995217,0.059016393442622994
fig11c_device,black_model_or_exp,322,104,0.2523923444976077,0.059016393442622994
fig11c_device,black_model_or_exp,323,104,0.26076555023923476,0.059016393442622994
fig11c_device,black_model_or_exp,324,104,0.26913875598086134,0.059016393442622994
fig11c_device,black_model_or_exp,325,104,0.27751196172248793,0.059016393442622994
fig11c_device,black_model_or_exp,304,105,0.10167464114832514,0.055737704918032815
fig11c_device,black_model_or_exp,318,105,0.21889952153110048,0.055737704918032815
fig11c_device,black_model_or_exp,319,105,0.22727272727272707,0.055737704918032815
fig11c_device,black_model_or_exp,320,105,0.23564593301435366,0.055737704918032815
fig11c_device,black_model_or_exp,321,105,0.2440191387559807,0.055737704918032815
fig11c_device,black_model_or_exp,303,106,0.09330143540669855,0.05245901639344264
fig11c_device,black_model_or_exp,314,106,0.18540669856459324,0.05245901639344264
fig11c_device,black_model_or_exp,315,106,0.19377990430622027,0.05245901639344264
fig11c_device,black_model_or_exp,316,106,0.20215311004784686,0.05245901639344264
fig11c_device,black_model_or_exp,317,106,0.21052631578947345,0.05245901639344264
fig11c_device,black_model_or_exp,302,107,0.08492822966507196,0.04918032786885246
fig11c_device,black_model_or_exp,303,107,0.09330143540669855,0.04918032786885246
fig11c_device,black_model_or_exp,310,107,0.15191387559808645,0.04918032786885246
fig11c_device,black_model_or_exp,311,107,0.16028708133971303,0.04918032786885246
fig11c_device,black_model_or_exp,312,107,0.16866028708133962,0.04918032786885246
fig11c_device,black_model_or_exp,313,107,0.17703349282296665,0.04918032786885246
fig11c_device,black_model_or_exp,300,108,0.06818181818181834,0.045901639344262335
fig11c_device,black_model_or_exp,301,108,0.07655502392344493,0.045901639344262335
fig11c_device,black_model_or_exp,304,108,0.10167464114832514,0.045901639344262335
fig11c_device,black_model_or_exp,305,108,0.11004784688995217,0.045901639344262335
fig11c_device,black_model_or_exp,306,108,0.11842105263157876,0.045901639344262335
fig11c_device,black_model_or_exp,307,108,0.1267942583732058,0.045901639344262335
fig11c_device,black_model_or_exp,308,108,0.13516746411483282,0.045901639344262335
fig11c_device,black_model_or_exp,309,108,0.1435406698564594,0.045901639344262335
fig11c_device,black_model_or_exp,297,109,0.043062200956938135,0.042622950819672156
fig11c_device,black_model_or_exp,298,109,0.05143540669856472,0.042622950819672156
fig11c_device,black_model_or_exp,299,109,0.05980861244019131,0.042622950819672156
fig11c_device,black_model_or_exp,294,110,0.017942583732057038,0.03934426229508198
fig11c_device,black_model_or_exp,295,110,0.02631578947368407,0.03934426229508198
fig11c_device,black_model_or_exp,296,110,0.0346889952153111,0.03934426229508198
fig11c_device,black_model_or_exp,292,111,0.0011961722488038617,0.0360655737704918
fig11c_device,black_model_or_exp,293,111,0.00956937799043045,0.0360655737704918
fig11c_device,black_model_or_exp,289,112,-0.02392344497607679,0.032786885245901676
fig11c_device,black_model_or_exp,290,112,-0.015550239234449759,0.032786885245901676
fig11c_device,black_model_or_exp,291,112,-0.0071770334928231705,0.032786885245901676
fig11c_device,black_model_or_exp,286,113,-0.049043062200957,0.029508196721311497
fig11c_device,black_model_or_exp,287,113,-0.04066985645932997,0.029508196721311497
fig11c_device,black_model_or_exp,288,113,-0.03229665071770338,0.029508196721311497
fig11c_device,black_model_or_exp,283,114,-0.07416267942583743,0.02622950819672132
fig11c_device,black_model_or_exp,284,114,-0.0657894736842104,0.02622950819672132
fig11c_device,black_model_or_exp,285,114,-0.05741626794258359,0.02622950819672132
fig11c_device,black_model_or_exp,281,115,-0.09090909090909105,0.022950819672131195
fig11c_device,black_model_or_exp,282,115,-0.08253588516746402,0.022950819672131195
fig11c_device,black_model_or_exp,273,116,-0.1578947368421053,0.019672131147541017
fig11c_device,black_model_or_exp,274,116,-0.14952153110047828,0.019672131147541017
fig11c_device,black_model_or_exp,275,116,-0.1411483253588517,0.019672131147541017
fig11c_device,black_model_or_exp,276,116,-0.1327751196172251,0.019672131147541017
fig11c_device,black_model_or_exp,277,116,-0.12440191387559807,0.019672131147541017
fig11c_device,black_model_or_exp,278,116,-0.11602870813397148,0.019672131147541017
fig11c_device,black_model_or_exp,279,116,-0.10765550239234445,0.019672131147541017
fig11c_device,black_model_or_exp,280,116,-0.09928229665071764,0.019672131147541017
fig11c_device,black_model_or_exp,267,117,-0.20813397129186595,0.016393442622950838
fig11c_device,black_model_or_exp,268,117,-0.19976076555023936,0.016393442622950838
fig11c_device,black_model_or_exp,269,117,-0.19138755980861233,0.016393442622950838
fig11c_device,black_model_or_exp,270,117,-0.18301435406698574,0.016393442622950838
fig11c_device,black_model_or_exp,271,117,-0.17464114832535893,0.016393442622950838
fig11c_device,black_model_or_exp,272,117,-0.1662679425837319,0.016393442622950838
fig11c_device,black_model_or_exp,277,117,-0.12440191387559807,0.016393442622950838
fig11c_device,black_model_or_exp,263,118,-0.2416267942583734,0.01311475409836066
fig11c_device,black_model_or_exp,264,118,-0.23325358851674638,0.01311475409836066
fig11c_device,black_model_or_exp,265,118,-0.2248803827751198,0.01311475409836066
fig11c_device,black_model_or_exp,266,118,-0.21650717703349276,0.01311475409836066
fig11c_device,black_model_or_exp,272,118,-0.1662679425837319,0.01311475409836066
fig11c_device,black_model_or_exp,276,118,-0.1327751196172251,0.01311475409836066
fig11c_device,black_model_or_exp,259,119,-0.2751196172248802,0.009836065573770536
fig11c_device,black_model_or_exp,260,119,-0.2667464114832536,0.009836065573770536
fig11c_device,black_model_or_exp,261,119,-0.2583732057416268,0.009836065573770536
fig11c_device,black_model_or_exp,262,119,-0.25,0.009836065573770536
fig11c_device,black_model_or_exp,273,119,-0.1578947368421053,0.009836065573770536
fig11c_device,black_model_or_exp,276,119,-0.1327751196172251,0.009836065573770536
fig11c_device,black_model_or_exp,255,120,-0.30861244019138745,0.006557377049180357
fig11c_device,black_model_or_exp,256,120,-0.30023923444976086,0.006557377049180357
fig11c_device,black_model_or_exp,257,120,-0.29186602870813405,0.006557377049180357
fig11c_device,black_model_or_exp,258,120,-0.28349282296650724,0.006557377049180357
fig11c_device,black_model_or_exp,274,120,-0.14952153110047828,0.006557377049180357
fig11c_device,black_model_or_exp,275,120,-0.1411483253588517,0.006557377049180357
fig11c_device,black_model_or_exp,251,121,-0.3421052631578949,0.0032786885245901787
fig11c_device,black_model_or_exp,252,121,-0.3337320574162681,0.0032786885245901787
fig11c_device,black_model_or_exp,253,121,-0.32535885167464107,0.0032786885245901787
fig11c_device,black_model_or_exp,254,121,-0.31698564593301426,0.0032786885245901787
fig11c_device,black_model_or_exp,273,121,-0.1578947368421053,0.0032786885245901787
fig11c_device,black_model_or_exp,247,122,-0.37559808612440193,0.0
fig11c_device,black_model_or_exp,248,122,-0.3672248803827751,0.0
fig11c_device,black_model_or_exp,249,122,-0.3588516746411483,0.0
fig11c_device,black_model_or_exp,250,122,-0.3504784688995215,0.0
fig11c_device,black_model_or_exp,271,122,-0.17464114832535893,0.0
fig11c_device,black_model_or_exp,272,122,-0.1662679425837319,0.0
fig11c_device,black_model_or_exp,244,123,-0.40071770334928236,-0.003278688524590123
fig11c_device,black_model_or_exp,245,123,-0.39234449760765555,-0.003278688524590123
fig11c_device,black_model_or_exp,246,123,-0.3839712918660285,-0.003278688524590123
fig11c_device,black_model_or_exp,269,123,-0.19138755980861233,-0.003278688524590123
fig11c_device,black_model_or_exp,270,123,-0.18301435406698574,-0.003278688524590123
fig11c_device,black_model_or_exp,240,124,-0.4342105263157894,-0.006557377049180302
fig11c_device,black_model_or_exp,241,124,-0.42583732057416257,-0.006557377049180302
fig11c_device,black_model_or_exp,242,124,-0.417464114832536,-0.006557377049180302
fig11c_device,black_model_or_exp,243,124,-0.40909090909090917,-0.006557377049180302
fig11c_device,black_model_or_exp,267,124,-0.20813397129186595,-0.006557377049180302
fig11c_device,black_model_or_exp,268,124,-0.19976076555023936,-0.006557377049180302
fig11c_device,black_model_or_exp,236,125,-0.4677033492822966,-0.00983606557377048
fig11c_device,black_model_or_exp,237,125,-0.4593301435406698,-0.00983606557377048
fig11c_device,black_model_or_exp,238,125,-0.4509569377990432,-0.00983606557377048
fig11c_device,black_model_or_exp,239,125,-0.4425837320574164,-0.00983606557377048
fig11c_device,black_model_or_exp,265,125,-0.2248803827751198,-0.00983606557377048
fig11c_device,black_model_or_exp,266,125,-0.21650717703349276,-0.00983606557377048
fig11c_device,black_model_or_exp,233,126,-0.49282296650717683,-0.01311475409836066
fig11c_device,black_model_or_exp,234,126,-0.48444976076555024,-0.01311475409836066
fig11c_device,black_model_or_exp,235,126,-0.47607655502392343,-0.01311475409836066
fig11c_device,black_model_or_exp,263,126,-0.2416267942583734,-0.01311475409836066
fig11c_device,black_model_or_exp,264,126,-0.23325358851674638,-0.01311475409836066
fig11c_device,black_model_or_exp,229,127,-0.5263157894736843,-0.016393442622950782
fig11c_device,black_model_or_exp,230,127,-0.5179425837320575,-0.016393442622950782
fig11c_device,black_model_or_exp,231,127,-0.5095693779904307,-0.016393442622950782
fig11c_device,black_model_or_exp,232,127,-0.5011961722488039,-0.016393442622950782
fig11c_device,black_model_or_exp,262,127,-0.25,-0.016393442622950782
fig11c_device,black_model_or_exp,226,128,-0.5514354066985647,-0.01967213114754096
fig11c_device,black_model_or_exp,227,128,-0.5430622009569377,-0.01967213114754096
fig11c_device,black_model_or_exp,228,128,-0.5346889952153109,-0.01967213114754096
fig11c_device,black_model_or_exp,260,128,-0.2667464114832536,-0.01967213114754096
fig11c_device,black_model_or_exp,261,128,-0.2583732057416268,-0.01967213114754096
fig11c_device,black_model_or_exp,223,129,-0.5765550239234449,-0.02295081967213114
fig11c_device,black_model_or_exp,224,129,-0.5681818181818181,-0.02295081967213114
fig11c_device,black_model_or_exp,225,129,-0.5598086124401915,-0.02295081967213114
fig11c_device,black_model_or_exp,258,129,-0.28349282296650724,-0.02295081967213114
fig11c_device,black_model_or_exp,259,129,-0.2751196172248802,-0.02295081967213114
fig11c_device,black_model_or_exp,220,130,-0.6016746411483254,-0.026229508196721263
fig11c_device,black_model_or_exp,221,130,-0.5933014354066986,-0.026229508196721263
fig11c_device,black_model_or_exp,222,130,-0.5849282296650717,-0.026229508196721263
fig11c_device,black_model_or_exp,256,130,-0.30023923444976086,-0.026229508196721263
fig11c_device,black_model_or_exp,257,130,-0.29186602870813405,-0.026229508196721263
fig11c_device,black_model_or_exp,217,131,-0.6267942583732058,-0.02950819672131144
fig11c_device,black_model_or_exp,218,131,-0.618421052631579,-0.02950819672131144
fig11c_device,black_model_or_exp,219,131,-0.6100478468899522,-0.02950819672131144
fig11c_device,black_model_or_exp,254,131,-0.31698564593301426,-0.02950819672131144
fig11c_device,black_model_or_exp,255,131,-0.30861244019138745,-0.02950819672131144
fig11c_device,black_model_or_exp,214,132,-0.651913875598086,-0.03278688524590162
fig11c_device,black_model_or_exp,215,132,-0.6435406698564592,-0.03278688524590162
fig11c_device,black_model_or_exp,216,132,-0.6351674641148326,-0.03278688524590162
fig11c_device,black_model_or_exp,252,132,-0.3337320574162681,-0.03278688524590162
fig11c_device,black_model_or_exp,253,132,-0.32535885167464107,-0.03278688524590162
fig11c_device,black_model_or_exp,211,133,-0.6770334928229667,-0.0360655737704918
fig11c_device,black_model_or_exp,212,133,-0.6686602870813398,-0.0360655737704918
fig11c_device,black_model_or_exp,213,133,-0.660287081339713,-0.0360655737704918
fig11c_device,black_model_or_exp,250,133,-0.3504784688995215,-0.0360655737704918
fig11c_device,black_model_or_exp,251,133,-0.3421052631578949,-0.0360655737704918
fig11c_device,black_model_or_exp,208,134,-0.7021531100478469,-0.03934426229508192
fig11c_device,black_model_or_exp,209,134,-0.69377990430622,-0.03934426229508192
fig11c_device,black_model_or_exp,210,134,-0.6854066985645932,-0.03934426229508192
fig11c_device,black_model_or_exp,249,134,-0.3588516746411483,-0.03934426229508192
fig11c_device,black_model_or_exp,205,135,-0.7272727272727273,-0.0426229508196721
fig11c_device,black_model_or_exp,206,135,-0.7188995215311005,-0.0426229508196721
fig11c_device,black_model_or_exp,207,135,-0.7105263157894737,-0.0426229508196721
fig11c_device,black_model_or_exp,247,135,-0.37559808612440193,-0.0426229508196721
fig11c_device,black_model_or_exp,248,135,-0.3672248803827751,-0.0426229508196721
fig11c_device,black_model_or_exp,202,136,-0.7523923444976077,-0.04590163934426228
fig11c_device,black_model_or_exp,203,136,-0.7440191387559809,-0.04590163934426228
fig11c_device,black_model_or_exp,204,136,-0.7356459330143541,-0.04590163934426228
fig11c_device,black_model_or_exp,245,136,-0.39234449760765555,-0.04590163934426228
fig11c_device,black_model_or_exp,246,136,-0.3839712918660285,-0.04590163934426228
fig11c_device,black_model_or_exp,200,137,-0.7691387559808613,-0.04918032786885246
fig11c_device,black_model_or_exp,201,137,-0.7607655502392343,-0.04918032786885246
fig11c_device,black_model_or_exp,243,137,-0.40909090909090917,-0.04918032786885246
fig11c_device,black_model_or_exp,244,137,-0.40071770334928236,-0.04918032786885246
fig11c_device,black_model_or_exp,197,138,-0.7942583732057416,-0.05245901639344258
fig11c_device,black_model_or_exp,198,138,-0.785885167464115,-0.05245901639344258
fig11c_device,black_model_or_exp,199,138,-0.7775119617224882,-0.05245901639344258
fig11c_device,black_model_or_exp,241,138,-0.42583732057416257,-0.05245901639344258
fig11c_device,black_model_or_exp,242,138,-0.417464114832536,-0.05245901639344258
fig11c_device,black_model_or_exp,195,139,-0.8110047846889952,-0.05573770491803276
fig11c_device,black_model_or_exp,196,139,-0.8026315789473684,-0.05573770491803276
fig11c_device,black_model_or_exp,239,139,-0.4425837320574164,-0.05573770491803276
fig11c_device,black_model_or_exp,240,139,-0.4342105263157894,-0.05573770491803276
fig11c_device,black_model_or_exp,192,140,-0.8361244019138756,-0.05901639344262294
fig11c_device,black_model_or_exp,193,140,-0.8277511961722488,-0.05901639344262294
fig11c_device,black_model_or_exp,194,140,-0.819377990430622,-0.05901639344262294
fig11c_device,black_model_or_exp,238,140,-0.4509569377990432,-0.05901639344262294
fig11c_device,black_model_or_exp,190,141,-0.8528708133971292,-0.06229508196721312
fig11c_device,black_model_or_exp,191,141,-0.8444976076555024,-0.06229508196721312
fig11c_device,black_model_or_exp,236,141,-0.4677033492822966,-0.06229508196721312
fig11c_device,black_model_or_exp,237,141,-0.4593301435406698,-0.06229508196721312
fig11c_device,black_model_or_exp,187,142,-0.8779904306220097,-0.06557377049180324
fig11c_device,black_model_or_exp,188,142,-0.8696172248803826,-0.06557377049180324
fig11c_device,black_model_or_exp,189,142,-0.861244019138756,-0.06557377049180324
fig11c_device,black_model_or_exp,234,142,-0.48444976076555024,-0.06557377049180324
fig11c_device,black_model_or_exp,235,142,-0.47607655502392343,-0.06557377049180324
fig11c_device,black_model_or_exp,185,143,-0.8947368421052633,-0.06885245901639342
fig11c_device,black_model_or_exp,186,143,-0.8863636363636365,-0.06885245901639342
fig11c_device,black_model_or_exp,232,143,-0.5011961722488039,-0.06885245901639342
fig11c_device,black_model_or_exp,233,143,-0.49282296650717683,-0.06885245901639342
fig11c_device,black_model_or_exp,183,144,-0.9114832535885167,-0.0721311475409836
fig11c_device,black_model_or_exp,184,144,-0.9031100478468899,-0.0721311475409836
fig11c_device,black_model_or_exp,230,144,-0.5179425837320575,-0.0721311475409836
fig11c_device,black_model_or_exp,231,144,-0.5095693779904307,-0.0721311475409836
fig11c_device,black_model_or_exp,181,145,-0.9282296650717703,-0.07540983606557372
fig11c_device,black_model_or_exp,182,145,-0.9198564593301435,-0.07540983606557372
fig11c_device,black_model_or_exp,228,145,-0.5346889952153109,-0.07540983606557372
fig11c_device,black_model_or_exp,229,145,-0.5263157894736843,-0.07540983606557372
fig11c_device,black_model_or_exp,179,146,-0.9449760765550239,-0.0786885245901639
fig11c_device,black_model_or_exp,180,146,-0.9366028708133971,-0.0786885245901639
fig11c_device,black_model_or_exp,227,146,-0.5430622009569377,-0.0786885245901639
fig11c_device,black_model_or_exp,177,147,-0.9617224880382775,-0.08196721311475408
fig11c_device,black_model_or_exp,178,147,-0.9533492822966507,-0.08196721311475408
fig11c_device,black_model_or_exp,225,147,-0.5598086124401915,-0.08196721311475408
fig11c_device,black_model_or_exp,226,147,-0.5514354066985647,-0.08196721311475408
fig11c_device,black_model_or_exp,175,148,-0.9784688995215309,-0.08524590163934426
fig11c_device,black_model_or_exp,176,148,-0.9700956937799043,-0.08524590163934426
fig11c_device,black_model_or_exp,223,148,-0.5765550239234449,-0.08524590163934426
fig11c_device,black_model_or_exp,224,148,-0.5681818181818181,-0.08524590163934426
fig11c_device,black_model_or_exp,173,149,-0.9952153110047848,-0.08852459016393438
fig11c_device,black_model_or_exp,174,149,-0.986842105263158,-0.08852459016393438
fig11c_device,black_model_or_exp,221,149,-0.5933014354066986,-0.08852459016393438
fig11c_device,black_model_or_exp,222,149,-0.5849282296650717,-0.08852459016393438
fig11c_device,black_model_or_exp,171,150,-1.0119617224880384,-0.09180327868852456
fig11c_device,black_model_or_exp,172,150,-1.0035885167464116,-0.09180327868852456
fig11c_device,black_model_or_exp,219,150,-0.6100478468899522,-0.09180327868852456
fig11c_device,black_model_or_exp,220,150,-0.6016746411483254,-0.09180327868852456
fig11c_device,black_model_or_exp,169,151,-1.0287081339712918,-0.09508196721311474
fig11c_device,black_model_or_exp,170,151,-1.020334928229665,-0.09508196721311474
fig11c_device,black_model_or_exp,217,151,-0.6267942583732058,-0.09508196721311474
fig11c_device,black_model_or_exp,218,151,-0.618421052631579,-0.09508196721311474
fig11c_device,black_model_or_exp,167,152,-1.0454545454545454,-0.09836065573770492
fig11c_device,black_model_or_exp,168,152,-1.0370813397129188,-0.09836065573770492
fig11c_device,black_model_or_exp,215,152,-0.6435406698564592,-0.09836065573770492
fig11c_device,black_model_or_exp,216,152,-0.6351674641148326,-0.09836065573770492
fig11c_device,black_model_or_exp,165,153,-1.062200956937799,-0.10163934426229504
fig11c_device,black_model_or_exp,166,153,-1.0538277511961722,-0.10163934426229504
fig11c_device,black_model_or_exp,214,153,-0.651913875598086,-0.10163934426229504
fig11c_device,black_model_or_exp,163,154,-1.0789473684210527,-0.10491803278688527
fig11c_device,black_model_or_exp,164,154,-1.0705741626794258,-0.10491803278688527
fig11c_device,black_model_or_exp,212,154,-0.6686602870813398,-0.10491803278688527
fig11c_device,black_model_or_exp,213,154,-0.660287081339713,-0.10491803278688527
fig11c_device,black_model_or_exp,161,155,-1.0956937799043063,-0.1081967213114754
fig11c_device,black_model_or_exp,162,155,-1.0873205741626795,-0.1081967213114754
fig11c_device,black_model_or_exp,210,155,-0.6854066985645932,-0.1081967213114754
fig11c_device,black_model_or_exp,211,155,-0.6770334928229667,-0.1081967213114754
fig11c_device,black_model_or_exp,160,156,-1.1040669856459329,-0.11147540983606552
fig11c_device,black_model_or_exp,208,156,-0.7021531100478469,-0.11147540983606552
fig11c_device,black_model_or_exp,209,156,-0.69377990430622,-0.11147540983606552
fig11c_device,black_model_or_exp,158,157,-1.1208133971291867,-0.11475409836065575
fig11c_device,black_model_or_exp,159,157,-1.11244019138756,-0.11475409836065575
fig11c_device,black_model_or_exp,206,157,-0.7188995215311005,-0.11475409836065575
fig11c_device,black_model_or_exp,207,157,-0.7105263157894737,-0.11475409836065575
fig11c_device,black_model_or_exp,156,158,-1.13755980861244,-0.11803278688524588
fig11c_device,black_model_or_exp,157,158,-1.1291866028708135,-0.11803278688524588
fig11c_device,black_model_or_exp,204,158,-0.7356459330143541,-0.11803278688524588
fig11c_device,black_model_or_exp,205,158,-0.7272727272727273,-0.11803278688524588
fig11c_device,black_model_or_exp,155,159,-1.1459330143540671,-0.121311475409836
fig11c_device,black_model_or_exp,203,159,-0.7440191387559809,-0.121311475409836
fig11c_device,black_model_or_exp,153,160,-1.1626794258373205,-0.12459016393442623
fig11c_device,black_model_or_exp,154,160,-1.1543062200956937,-0.12459016393442623
fig11c_device,black_model_or_exp,201,160,-0.7607655502392343,-0.12459016393442623
fig11c_device,black_model_or_exp,202,160,-0.7523923444976077,-0.12459016393442623
fig11c_device,black_model_or_exp,151,161,-1.1794258373205742,-0.12786885245901636
fig11c_device,black_model_or_exp,152,161,-1.1710526315789473,-0.12786885245901636
fig11c_device,black_model_or_exp,199,161,-0.7775119617224882,-0.12786885245901636
fig11c_device,black_model_or_exp,200,161,-0.7691387559808613,-0.12786885245901636
fig11c_device,black_model_or_exp,150,162,-1.187799043062201,-0.13114754098360648
fig11c_device,black_model_or_exp,197,162,-0.7942583732057416,-0.13114754098360648
fig11c_device,black_model_or_exp,198,162,-0.785885167464115,-0.13114754098360648
fig11c_device,black_model_or_exp,148,163,-1.2045454545454546,-0.13442622950819672
fig11c_device,black_model_or_exp,149,163,-1.1961722488038278,-0.13442622950819672
fig11c_device,black_model_or_exp,195,163,-0.8110047846889952,-0.13442622950819672
fig11c_device,black_model_or_exp,196,163,-0.8026315789473684,-0.13442622950819672
fig11c_device,black_model_or_exp,147,164,-1.2129186602870812,-0.13770491803278684
fig11c_device,black_model_or_exp,193,164,-0.8277511961722488,-0.13770491803278684
fig11c_device,black_model_or_exp,194,164,-0.819377990430622,-0.13770491803278684
fig11c_device,black_model_or_exp,145,165,-1.2296650717703348,-0.14098360655737707
fig11c_device,black_model_or_exp,146,165,-1.2212918660287082,-0.14098360655737707
fig11c_device,black_model_or_exp,192,165,-0.8361244019138756,-0.14098360655737707
fig11c_device,black_model_or_exp,144,166,-1.2380382775119618,-0.1442622950819672
fig11c_device,black_model_or_exp,190,166,-0.8528708133971292,-0.1442622950819672
fig11c_device,black_model_or_exp,191,166,-0.8444976076555024,-0.1442622950819672
fig11c_device,black_model_or_exp,142,167,-1.2547846889952154,-0.14754098360655732
fig11c_device,black_model_or_exp,143,167,-1.2464114832535884,-0.14754098360655732
fig11c_device,black_model_or_exp,188,167,-0.8696172248803826,-0.14754098360655732
fig11c_device,black_model_or_exp,189,167,-0.861244019138756,-0.14754098360655732
fig11c_device,black_model_or_exp,141,168,-1.263157894736842,-0.15081967213114755
fig11c_device,black_model_or_exp,186,168,-0.8863636363636365,-0.15081967213114755
fig11c_device,black_model_or_exp,187,168,-0.8779904306220097,-0.15081967213114755
fig11c_device,black_model_or_exp,139,169,-1.2799043062200957,-0.15409836065573768
fig11c_device,black_model_or_exp,140,169,-1.2715311004784688,-0.15409836065573768
fig11c_device,black_model_or_exp,184,169,-0.9031100478468899,-0.15409836065573768
fig11c_device,black_model_or_exp,185,169,-0.8947368421052633,-0.15409836065573768
fig11c_device,black_model_or_exp,138,170,-1.2882775119617225,-0.1573770491803278
fig11c_device,black_model_or_exp,182,170,-0.9198564593301435,-0.1573770491803278
fig11c_device,black_model_or_exp,183,170,-0.9114832535885167,-0.1573770491803278
fig11c_device,black_model_or_exp,137,171,-1.2966507177033493,-0.16065573770491803
fig11c_device,black_model_or_exp,181,171,-0.9282296650717703,-0.16065573770491803
fig11c_device,black_model_or_exp,135,172,-1.313397129186603,-0.16393442622950816
fig11c_device,black_model_or_exp,136,172,-1.305023923444976,-0.16393442622950816
fig11c_device,black_model_or_exp,179,172,-0.9449760765550239,-0.16393442622950816
fig11c_device,black_model_or_exp,180,172,-0.9366028708133971,-0.16393442622950816
fig11c_device,black_model_or_exp,134,173,-1.3217703349282295,-0.1672131147540984
fig11c_device,black_model_or_exp,177,173,-0.9617224880382775,-0.1672131147540984
fig11c_device,black_model_or_exp,178,173,-0.9533492822966507,-0.1672131147540984
fig11c_device,black_model_or_exp,133,174,-1.3301435406698565,-0.17049180327868851
fig11c_device,black_model_or_exp,175,174,-0.9784688995215309,-0.17049180327868851
fig11c_device,black_model_or_exp,176,174,-0.9700956937799043,-0.17049180327868851
fig11c_device,black_model_or_exp,132,175,-1.3385167464114833,-0.17377049180327864
fig11c_device,black_model_or_exp,173,175,-0.9952153110047848,-0.17377049180327864
fig11c_device,black_model_or_exp,174,175,-0.986842105263158,-0.17377049180327864
fig11c_device,black_model_or_exp,130,176,-1.3552631578947367,-0.17704918032786887
fig11c_device,black_model_or_exp,131,176,-1.3468899521531101,-0.17704918032786887
fig11c_device,black_model_or_exp,171,176,-1.0119617224880384,-0.17704918032786887
fig11c_device,black_model_or_exp,172,176,-1.0035885167464116,-0.17704918032786887
fig11c_device,black_model_or_exp,129,177,-1.3636363636363638,-0.180327868852459
fig11c_device,black_model_or_exp,169,177,-1.0287081339712918,-0.180327868852459
fig11c_device,black_model_or_exp,170,177,-1.020334928229665,-0.180327868852459
fig11c_device,black_model_or_exp,128,178,-1.3720095693779903,-0.18360655737704912
fig11c_device,black_model_or_exp,168,178,-1.0370813397129188,-0.18360655737704912
fig11c_device,black_model_or_exp,127,179,-1.3803827751196172,-0.18688524590163935
fig11c_device,black_model_or_exp,166,179,-1.0538277511961722,-0.18688524590163935
fig11c_device,black_model_or_exp,167,179,-1.0454545454545454,-0.18688524590163935
fig11c_device,black_model_or_exp,125,180,-1.3971291866028708,-0.19016393442622948
fig11c_device,black_model_or_exp,126,180,-1.388755980861244,-0.19016393442622948
fig11c_device,black_model_or_exp,164,180,-1.0705741626794258,-0.19016393442622948
fig11c_device,black_model_or_exp,165,180,-1.062200956937799,-0.19016393442622948
fig11c_device,black_model_or_exp,124,181,-1.4055023923444976,-0.1934426229508196
fig11c_device,black_model_or_exp,162,181,-1.0873205741626795,-0.1934426229508196
fig11c_device,black_model_or_exp,163,181,-1.0789473684210527,-0.1934426229508196
fig11c_device,black_model_or_exp,123,182,-1.4138755980861244,-0.19672131147540983
fig11c_device,black_model_or_exp,160,182,-1.1040669856459329,-0.19672131147540983
fig11c_device,black_model_or_exp,161,182,-1.0956937799043063,-0.19672131147540983
fig11c_device,black_model_or_exp,122,183,-1.4222488038277512,-0.19999999999999996
fig11c_device,black_model_or_exp,158,183,-1.1208133971291867,-0.19999999999999996
fig11c_device,black_model_or_exp,159,183,-1.11244019138756,-0.19999999999999996
fig11c_device,black_model_or_exp,121,184,-1.430622009569378,-0.2032786885245902
fig11c_device,black_model_or_exp,157,184,-1.1291866028708135,-0.2032786885245902
fig11c_device,black_model_or_exp,120,185,-1.4389952153110048,-0.2065573770491803
fig11c_device,black_model_or_exp,155,185,-1.1459330143540671,-0.2065573770491803
fig11c_device,black_model_or_exp,156,185,-1.13755980861244,-0.2065573770491803
fig11c_device,black_model_or_exp,119,186,-1.4473684210526316,-0.20983606557377044
fig11c_device,black_model_or_exp,153,186,-1.1626794258373205,-0.20983606557377044
fig11c_device,black_model_or_exp,154,186,-1.1543062200956937,-0.20983606557377044
fig11c_device,black_model_or_exp,117,187,-1.464114832535885,-0.21311475409836067
fig11c_device,black_model_or_exp,118,187,-1.4557416267942584,-0.21311475409836067
fig11c_device,black_model_or_exp,151,187,-1.1794258373205742,-0.21311475409836067
fig11c_device,black_model_or_exp,152,187,-1.1710526315789473,-0.21311475409836067
fig11c_device,black_model_or_exp,116,188,-1.472488038277512,-0.2163934426229508
fig11c_device,black_model_or_exp,149,188,-1.1961722488038278,-0.2163934426229508
fig11c_device,black_model_or_exp,150,188,-1.187799043062201,-0.2163934426229508
fig11c_device,black_model_or_exp,116,189,-1.472488038277512,-0.21967213114754092
fig11c_device,black_model_or_exp,147,189,-1.2129186602870812,-0.21967213114754092
fig11c_device,black_model_or_exp,148,189,-1.2045454545454546,-0.21967213114754092
fig11c_device,black_model_or_exp,115,190,-1.4808612440191387,-0.22295081967213115
fig11c_device,black_model_or_exp,145,190,-1.2296650717703348,-0.22295081967213115
fig11c_device,black_model_or_exp,146,190,-1.2212918660287082,-0.22295081967213115
fig11c_device,black_model_or_exp,115,191,-1.4808612440191387,-0.22622950819672127
fig11c_device,black_model_or_exp,116,191,-1.472488038277512,-0.22622950819672127
fig11c_device,black_model_or_exp,144,191,-1.2380382775119618,-0.22622950819672127
fig11c_device,black_model_or_exp,115,192,-1.4808612440191387,-0.2295081967213115
fig11c_device,black_model_or_exp,117,192,-1.464114832535885,-0.2295081967213115
fig11c_device,black_model_or_exp,142,192,-1.2547846889952154,-0.2295081967213115
fig11c_device,black_model_or_exp,143,192,-1.2464114832535884,-0.2295081967213115
fig11c_device,black_model_or_exp,114,193,-1.4892344497607655,-0.23278688524590163
fig11c_device,black_model_or_exp,115,193,-1.4808612440191387,-0.23278688524590163
fig11c_device,black_model_or_exp,116,193,-1.472488038277512,-0.23278688524590163
fig11c_device,black_model_or_exp,117,193,-1.464114832535885,-0.23278688524590163
fig11c_device,black_model_or_exp,118,193,-1.4557416267942584,-0.23278688524590163
fig11c_device,black_model_or_exp,119,193,-1.4473684210526316,-0.23278688524590163
fig11c_device,black_model_or_exp,120,193,-1.4389952153110048,-0.23278688524590163
fig11c_device,black_model_or_exp,121,193,-1.430622009569378,-0.23278688524590163
fig11c_device,black_model_or_exp,122,193,-1.4222488038277512,-0.23278688524590163
fig11c_device,black_model_or_exp,123,193,-1.4138755980861244,-0.23278688524590163
fig11c_device,black_model_or_exp,124,193,-1.4055023923444976,-0.23278688524590163
fig11c_device,black_model_or_exp,125,193,-1.3971291866028708,-0.23278688524590163
fig11c_device,black_model_or_exp,126,193,-1.388755980861244,-0.23278688524590163
fig11c_device,black_model_or_exp,127,193,-1.3803827751196172,-0.23278688524590163
fig11c_device,black_model_or_exp,128,193,-1.3720095693779903,-0.23278688524590163
fig11c_device,black_model_or_exp,139,193,-1.2799043062200957,-0.23278688524590163
fig11c_device,black_model_or_exp,140,193,-1.2715311004784688,-0.23278688524590163
fig11c_device,black_model_or_exp,141,193,-1.263157894736842,-0.23278688524590163
fig11c_device,black_model_or_exp,112,194,-1.5059808612440193,-0.23606557377049175
fig11c_device,black_model_or_exp,113,194,-1.4976076555023923,-0.23606557377049175
fig11c_device,black_model_or_exp,129,194,-1.3636363636363638,-0.23606557377049175
fig11c_device,black_model_or_exp,130,194,-1.3552631578947367,-0.23606557377049175
fig11c_device,black_model_or_exp,131,194,-1.3468899521531101,-0.23606557377049175
fig11c_device,black_model_or_exp,132,194,-1.3385167464114833,-0.23606557377049175
fig11c_device,black_model_or_exp,133,194,-1.3301435406698565,-0.23606557377049175
fig11c_device,black_model_or_exp,134,194,-1.3217703349282295,-0.23606557377049175
fig11c_device,black_model_or_exp,135,194,-1.313397129186603,-0.23606557377049175
fig11c_device,black_model_or_exp,136,194,-1.305023923444976,-0.23606557377049175
fig11c_device,black_model_or_exp,137,194,-1.2966507177033493,-0.23606557377049175
fig11c_device,black_model_or_exp,138,194,-1.2882775119617225,-0.23606557377049175
fig11c_device,black_model_or_exp,111,195,-1.514354066985646,-0.239344262295082
fig11c_device,black_model_or_exp,110,196,-1.5227272727272727,-0.2426229508196721
fig11c_device,black_model_or_exp,109,197,-1.5311004784688995,-0.24590163934426224
fig11c_device,black_model_or_exp,108,198,-1.5394736842105263,-0.24918032786885247
fig11c_device,black_model_or_exp,107,199,-1.5478468899521531,-0.2524590163934426
fig11c_device,black_model_or_exp,106,200,-1.55622009569378,-0.2557377049180327
fig11c_device,black_model_or_exp,105,201,-1.5645933014354068,-0.25901639344262295
fig11c_device,black_model_or_exp,103,202,-1.5813397129186604,-0.2622950819672131
fig11c_device,black_model_or_exp,104,202,-1.5729665071770336,-0.2622950819672131
fig11c_device,black_model_or_exp,102,203,-1.589712918660287,-0.2655737704918033
fig11c_device,black_model_or_exp,101,204,-1.598086124401914,-0.26885245901639343
fig11c_device,black_model_or_exp,100,205,-1.6064593301435406,-0.27213114754098355
fig11c_device,black_model_or_exp,99,206,-1.6148325358851674,-0.2754098360655738
fig11c_device,black_model_or_exp,98,207,-1.6232057416267942,-0.2786885245901639
fig11c_device,black_model_or_exp,97,208,-1.631578947368421,-0.28196721311475403
fig11c_device,black_model_or_exp,97,209,-1.631578947368421,-0.28524590163934427
fig11c_device,black_model_or_exp,96,210,-1.6399521531100478,-0.2885245901639344
fig11c_device,black_model_or_exp,95,211,-1.6483253588516746,-0.2918032786885245
fig11c_device,black_model_or_exp,94,212,-1.6566985645933014,-0.29508196721311475
fig11c_device,black_model_or_exp,93,213,-1.6650717703349283,-0.29836065573770487
fig11c_device,black_model_or_exp,92,214,-1.673444976076555,-0.3016393442622951
fig11c_device,black_model_or_exp,92,215,-1.673444976076555,-0.30491803278688523
fig11c_device,black_model_or_exp,91,216,-1.6818181818181819,-0.30819672131147535
fig11c_device,black_model_or_exp,90,217,-1.6901913875598087,-0.3114754098360656
fig11c_device,black_model_or_exp,89,218,-1.6985645933014353,-0.3147540983606557
fig11c_device,black_model_or_exp,88,219,-1.7069377990430623,-0.31803278688524583
fig11c_device,black_model_or_exp,88,220,-1.7069377990430623,-0.32131147540983607
fig11c_device,black_model_or_exp,87,221,-1.715311004784689,-0.3245901639344262
fig11c_device,black_model_or_exp,86,222,-1.723684210526316,-0.3278688524590164
fig11c_device,black_model_or_exp,86,223,-1.723684210526316,-0.33114754098360655
fig11c_device,black_model_or_exp,85,224,-1.7320574162679425,-0.33442622950819667
fig11c_device,black_model_or_exp,84,225,-1.7404306220095693,-0.3377049180327869
fig11c_device,black_model_or_exp,83,226,-1.7488038277511961,-0.34098360655737703
fig11c_device,black_model_or_exp,83,227,-1.7488038277511961,-0.34426229508196715
fig11c_device,black_model_or_exp,82,228,-1.757177033492823,-0.3475409836065574
fig11c_device,black_model_or_exp,81,229,-1.7655502392344498,-0.3508196721311475
fig11c_device,black_model_or_exp,80,230,-1.7739234449760766,-0.35409836065573763
fig11c_device,black_model_or_exp,80,231,-1.7739234449760766,-0.35737704918032787
fig11c_device,black_model_or_exp,79,232,-1.7822966507177034,-0.360655737704918
fig11c_device,black_model_or_exp,78,233,-1.7906698564593302,-0.3639344262295082
fig11c_device,black_model_or_exp,78,234,-1.7906698564593302,-0.36721311475409835
fig11c_device,black_model_or_exp,77,235,-1.799043062200957,-0.37049180327868847
fig11c_device,black_model_or_exp,76,236,-1.8074162679425838,-0.3737704918032787
fig11c_device,black_model_or_exp,76,237,-1.8074162679425838,-0.3770491803278688
fig11c_device,black_model_or_exp,75,238,-1.8157894736842106,-0.38032786885245895
fig11c_device,black_model_or_exp,74,239,-1.8241626794258372,-0.3836065573770492
fig11c_device,black_model_or_exp,74,240,-1.8241626794258372,-0.3868852459016393
fig11c_device,black_model_or_exp,73,241,-1.8325358851674642,-0.39016393442622943
fig11c_device,black_model_or_exp,72,242,-1.8409090909090908,-0.39344262295081966
fig11c_device,black_model_or_exp,72,243,-1.8409090909090908,-0.3967213114754098
fig11c_device,black_model_or_exp,71,244,-1.8492822966507176,-0.4
fig11c_device,black_model_or_exp,71,245,-1.8492822966507176,-0.40327868852459015
fig11c_device,black_model_or_exp,70,246,-1.8576555023923444,-0.40655737704918027
fig11c_device,black_model_or_exp,69,247,-1.8660287081339713,-0.4098360655737705
fig11c_device,black_model_or_exp,69,248,-1.8660287081339713,-0.4131147540983606
fig11c_device,black_model_or_exp,68,249,-1.874401913875598,-0.41639344262295075
fig11c_device,black_model_or_exp,68,250,-1.874401913875598,-0.419672131147541
fig11c_device,black_model_or_exp,67,251,-1.8827751196172249,-0.4229508196721311
fig11c_device,black_model_or_exp,66,252,-1.8911483253588517,-0.42622950819672134
fig11c_device,black_model_or_exp,66,253,-1.8911483253588517,-0.42950819672131146
fig11c_device,black_model_or_exp,65,254,-1.8995215311004785,-0.4327868852459016
fig11c_device,black_model_or_exp,430,255,1.1566985645933014,-0.4360655737704918
fig11c_device,black_model_or_exp,431,255,1.165071770334928,-0.4360655737704918
fig11c_device,black_model_or_exp,453,255,1.3492822966507179,-0.4360655737704918
fig11c_device,black_model_or_exp,454,255,1.3576555023923444,-0.4360655737704918
fig11c_device,black_model_or_exp,429,256,1.1483253588516749,-0.43934426229508194
fig11c_device,black_model_or_exp,455,256,1.3660287081339715,-0.43934426229508194
fig11c_device,black_model_or_exp,428,257,1.1399521531100478,-0.44262295081967207
fig11c_device,black_model_or_exp,456,257,1.374401913875598,-0.44262295081967207
fig11c_device,black_model_or_exp,427,258,1.1315789473684212,-0.4459016393442623
fig11c_device,black_model_or_exp,457,258,1.382775119617225,-0.4459016393442623
fig11c_device,black_model_or_exp,426,259,1.1232057416267942,-0.4491803278688524
fig11c_device,black_model_or_exp,458,259,1.3911483253588517,-0.4491803278688524
fig11c_device,black_model_or_exp,425,260,1.1148325358851672,-0.45245901639344255
fig11c_device,black_model_or_exp,458,260,1.3911483253588517,-0.45245901639344255
fig11c_device,black_model_or_exp,425,261,1.1148325358851672,-0.4557377049180328
fig11c_device,black_model_or_exp,458,261,1.3911483253588517,-0.4557377049180328
fig11c_device,black_model_or_exp,425,262,1.1148325358851672,-0.4590163934426229
fig11c_device,black_model_or_exp,459,262,1.3995215311004783,-0.4590163934426229
fig11c_device,black_model_or_exp,425,263,1.1148325358851672,-0.46229508196721314
fig11c_device,black_model_or_exp,441,263,1.2488038277511961,-0.46229508196721314
fig11c_device,black_model_or_exp,442,263,1.2571770334928232,-0.46229508196721314
fig11c_device,black_model_or_exp,443,263,1.2655502392344498,-0.46229508196721314
fig11c_device,black_model_or_exp,444,263,1.2739234449760768,-0.46229508196721314
fig11c_device,black_model_or_exp,459,263,1.3995215311004783,-0.46229508196721314
fig11c_device,black_model_or_exp,424,264,1.1064593301435406,-0.46557377049180326
fig11c_device,black_model_or_exp,440,264,1.2404306220095696,-0.46557377049180326
fig11c_device,black_model_or_exp,445,264,1.2822966507177034,-0.46557377049180326
fig11c_device,black_model_or_exp,460,264,1.4078947368421053,-0.46557377049180326
fig11c_device,black_model_or_exp,424,265,1.1064593301435406,-0.4688524590163934
fig11c_device,black_model_or_exp,439,265,1.232057416267943,-0.4688524590163934
fig11c_device,black_model_or_exp,446,265,1.29066985645933,-0.4688524590163934
fig11c_device,black_model_or_exp,460,265,1.4078947368421053,-0.4688524590163934
fig11c_device,black_model_or_exp,423,266,1.0980861244019136,-0.4721311475409836
fig11c_device,black_model_or_exp,439,266,1.232057416267943,-0.4721311475409836
fig11c_device,black_model_or_exp,446,266,1.29066985645933,-0.4721311475409836
fig11c_device,black_model_or_exp,460,266,1.4078947368421053,-0.4721311475409836
fig11c_device,black_model_or_exp,423,267,1.0980861244019136,-0.47540983606557374
fig11c_device,black_model_or_exp,438,267,1.223684210526316,-0.47540983606557374
fig11c_device,black_model_or_exp,447,267,1.299043062200957,-0.47540983606557374
fig11c_device,black_model_or_exp,460,267,1.4078947368421053,-0.47540983606557374
fig11c_device,black_model_or_exp,423,268,1.0980861244019136,-0.47868852459016387
fig11c_device,black_model_or_exp,438,268,1.223684210526316,-0.47868852459016387
fig11c_device,black_model_or_exp,460,268,1.4078947368421053,-0.47868852459016387
fig11c_device,black_model_or_exp,423,269,1.0980861244019136,-0.4819672131147541
fig11c_device,black_model_or_exp,437,269,1.215311004784689,-0.4819672131147541
fig11c_device,black_model_or_exp,461,269,1.416267942583732,-0.4819672131147541
fig11c_device,black_model_or_exp,423,270,1.0980861244019136,-0.4852459016393442
fig11c_device,black_model_or_exp,437,270,1.215311004784689,-0.4852459016393442
fig11c_device,black_model_or_exp,461,270,1.416267942583732,-0.4852459016393442
fig11c_device,black_model_or_exp,423,271,1.0980861244019136,-0.48852459016393446
fig11c_device,black_model_or_exp,437,271,1.215311004784689,-0.48852459016393446
fig11c_device,black_model_or_exp,461,271,1.416267942583732,-0.48852459016393446
fig11c_device,black_model_or_exp,423,272,1.0980861244019136,-0.4918032786885246
fig11c_device,black_model_or_exp,437,272,1.215311004784689,-0.4918032786885246
fig11c_device,black_model_or_exp,461,272,1.416267942583732,-0.4918032786885246
fig11c_device,black_model_or_exp,423,273,1.0980861244019136,-0.4950819672131147
fig11c_device,black_model_or_exp,437,273,1.215311004784689,-0.4950819672131147
fig11c_device,black_model_or_exp,461,273,1.416267942583732,-0.4950819672131147
fig11c_device,black_model_or_exp,423,274,1.0980861244019136,-0.49836065573770494
fig11c_device,black_model_or_exp,437,274,1.215311004784689,-0.49836065573770494
fig11c_device,black_model_or_exp,461,274,1.416267942583732,-0.49836065573770494
fig11c_device,black_model_or_exp,423,275,1.0980861244019136,-0.5016393442622951
fig11c_device,black_model_or_exp,437,275,1.215311004784689,-0.5016393442622951
fig11c_device,black_model_or_exp,461,275,1.416267942583732,-0.5016393442622951
fig11c_device,black_model_or_exp,423,276,1.0980861244019136,-0.5049180327868852
fig11c_device,black_model_or_exp,438,276,1.223684210526316,-0.5049180327868852
fig11c_device,black_model_or_exp,461,276,1.416267942583732,-0.5049180327868852
fig11c_device,black_model_or_exp,423,277,1.0980861244019136,-0.5081967213114754
fig11c_device,black_model_or_exp,438,277,1.223684210526316,-0.5081967213114754
fig11c_device,black_model_or_exp,460,277,1.4078947368421053,-0.5081967213114754
fig11c_device,black_model_or_exp,423,278,1.0980861244019136,-0.5114754098360655
fig11c_device,black_model_or_exp,438,278,1.223684210526316,-0.5114754098360655
fig11c_device,black_model_or_exp,460,278,1.4078947368421053,-0.5114754098360655
fig11c_device,black_model_or_exp,424,279,1.1064593301435406,-0.5147540983606557
fig11c_device,black_model_or_exp,439,279,1.232057416267943,-0.5147540983606557
fig11c_device,black_model_or_exp,449,279,1.3157894736842102,-0.5147540983606557
fig11c_device,black_model_or_exp,460,279,1.4078947368421053,-0.5147540983606557
fig11c_device,black_model_or_exp,424,280,1.1064593301435406,-0.5180327868852459
fig11c_device,black_model_or_exp,440,280,1.2404306220095696,-0.5180327868852459
fig11c_device,black_model_or_exp,446,280,1.29066985645933,-0.5180327868852459
fig11c_device,black_model_or_exp,447,280,1.299043062200957,-0.5180327868852459
fig11c_device,black_model_or_exp,448,280,1.3074162679425836,-0.5180327868852459
fig11c_device,black_model_or_exp,460,280,1.4078947368421053,-0.5180327868852459
fig11c_device,black_model_or_exp,424,281,1.1064593301435406,-0.521311475409836
fig11c_device,black_model_or_exp,441,281,1.2488038277511961,-0.521311475409836
fig11c_device,black_model_or_exp,442,281,1.2571770334928232,-0.521311475409836
fig11c_device,black_model_or_exp,443,281,1.2655502392344498,-0.521311475409836
fig11c_device,black_model_or_exp,444,281,1.2739234449760768,-0.521311475409836
fig11c_device,black_model_or_exp,445,281,1.2822966507177034,-0.521311475409836
fig11c_device,black_model_or_exp,460,281,1.4078947368421053,-0.521311475409836
fig11c_device,black_model_or_exp,425,282,1.1148325358851672,-0.5245901639344263
fig11c_device,black_model_or_exp,459,282,1.3995215311004783,-0.5245901639344263
fig11c_device,black_model_or_exp,425,283,1.1148325358851672,-0.5278688524590164
fig11c_device,black_model_or_exp,459,283,1.3995215311004783,-0.5278688524590164
fig11c_device,black_model_or_exp,425,284,1.1148325358851672,-0.5311475409836065
fig11c_device,black_model_or_exp,458,284,1.3911483253588517,-0.5311475409836065
fig11c_device,black_model_or_exp,426,285,1.1232057416267942,-0.5344262295081967
fig11c_device,black_model_or_exp,458,285,1.3911483253588517,-0.5344262295081967
fig11c_device,black_model_or_exp,427,286,1.1315789473684212,-0.5377049180327869
fig11c_device,black_model_or_exp,457,286,1.382775119617225,-0.5377049180327869
fig11c_device,black_model_or_exp,428,287,1.1399521531100478,-0.540983606557377
fig11c_device,black_model_or_exp,456,287,1.374401913875598,-0.540983606557377
fig11c_device,black_model_or_exp,429,288,1.1483253588516749,-0.5442622950819672
fig11c_device,black_model_or_exp,455,288,1.3660287081339715,-0.5442622950819672
fig11c_device,black_model_or_exp,430,289,1.1566985645933014,-0.5475409836065573
fig11c_device,black_model_or_exp,454,289,1.3576555023923444,-0.5475409836065573
fig11c_device,black_model_or_exp,431,290,1.165071770334928,-0.5508196721311475
fig11c_device,black_model_or_exp,453,290,1.3492822966507179,-0.5508196721311475
